Code;VSMI01M;VSMI02M;VSMI03M;VSMI01Q;VSMI02Q;VSMI03Q
17.06.11;22.7227;17.1671;16.8425;17.2266;18.3284;13.9387
20.06.11;17.9722;17.2003;17.4108;18.5279;13.8318;17.9964
21.06.11;16.7325;16.533;17.0223;18.3229;13.7927;17.8207
22.06.11;15.8788;16.0773;16.5456;17.7423;13.5826;17.6058
23.06.11;18.2921;17.7393;17.3354;18.2359;13.3586;17.9015
24.06.11;18.1396;17.4069;17.7018;18.6482;13.3184;17.6939
27.06.11;19.2152;18.1732;18.1257;18.5959;13.962;17.7257
28.06.11;19.7381;18.1957;18.0292;18.6363;13.9845;17.7042
29.06.11;17.0843;16.793;17.4357;17.6935;13.9798;17.3582
30.06.11;15.0859;15.3945;16.1937;17.0946;13.9226;16.8351
01.07.11;13.9182;14.6355;15.409;16.6028;13.8474;16.678
04.07.11;14.4598;14.6493;15.3084;16.5208;13.873;16.6276
05.07.11;14.9802;14.9;15.4062;16.5879;13.9948;16.7384
06.07.11;16.0992;15.3375;15.7275;16.8485;14.0192;16.8189
07.07.11;15.1263;14.8937;15.8503;16.9341;14.1737;16.9262
08.07.11;16.0729;15.5173;15.869;16.752;13.8534;16.9033
11.07.11;22.5076;17.5348;17.3784;17.5656;13.8555;17.3531
12.07.11;25.741;18.6873;18.4845;18.5816;13.9798;17.6716
13.07.11;22.3261;17.7026;17.5791;18.4445;13.9622;17.4686
14.07.11;22.3261;18.4478;18.1056;18.3735;13.843;17.4692
15.07.11;22.3261;18.8173;18.7191;18.848;13.8336;17.7816
18.07.11;21.6618;20.4701;18.7191;19.636;13.7101;17.869
19.07.11;20.917;20.2276;20.2937;20.683;14.434;18.4003
20.07.11;19.8711;19.6064;19.6126;20.1308;15.1635;18.2992
21.07.11;18.0099;18.2943;18.6438;19.2518;15.2257;18.0679
22.07.11;16.7632;17.4284;18.0229;18.4919;14.9604;17.7146
25.07.11;17.5017;17.8344;17.9267;18.4491;14.9716;17.7119
26.07.11;17.6886;17.9789;17.9199;18.4538;14.866;17.6759
27.07.11;19.3166;18.7957;18.471;18.6832;14.612;17.7188
28.07.11;20.2344;19.5267;19.11;19.3892;14.6631;17.9775
29.07.11;22.806;20.7475;20.0351;19.9031;14.6213;18.0594
01.08.11;22.806;20.7475;20.0351;19.9031;14.6213;18.0594
02.08.11;26.4459;21.8469;20.53;21.5078;14.2145;11.6979
03.08.11;26.427;24.6212;22.7097;22.4157;14.1504;18.8186
04.08.11;31.5236;27.5887;24.1855;23.3799;15.5312;18.6393
05.08.11;36.9316;31.6571;26.9452;25.9527;17.1323;19.3905
08.08.11;43.2006;36.8958;30.6818;28.0693;17.7173;20.3676
09.08.11;51.9319;43.0269;36.979;31.2075;19.0949;20.7322
10.08.11;56.4735;43.4604;35.8927;31.0576;25.4536;24.1297
11.08.11;55.2974;43.1011;36.6658;31.696;27.06;25.034
12.08.11;49.1248;39.7687;35.3702;30.5764;26.3906;24.0733
15.08.11;42.2585;35.6627;33.3136;29.1736;25.9194;24.1958
16.08.11;39.2893;33.8998;32.5606;28.6943;25.4539;23.8975
17.08.11;37.3872;31.4774;30.7608;27.8684;24.9537;23.3379
18.08.11;37.3872;39.7297;34.5761;29.9775;26.2106;23.9411
19.08.11;37.3872;41.8406;37.0423;32.3646;27.3986;25.1014
22.08.11;42.0401;37.0766;37.0423;32.4704;27.246;25.2286
23.08.11;40.9179;36.5714;33.1958;32.2627;27.5016;25.1824
24.08.11;38.1554;34.9336;32.115;31.2751;27.133;25.0818
25.08.11;40.135;35.3683;32.5463;31.9952;27.2528;25.1046
26.08.11;39.5277;35.8376;33.3712;32.6204;27.5877;25.432
29.08.11;36.2738;33.0237;31.0573;30.7278;27.152;25.1666
30.08.11;34.6277;31.8352;30.2223;29.722;26.3658;24.6831
31.08.11;31.8725;30.3581;28.9833;28.5179;25.9134;24.4326
01.09.11;32.6155;30.3898;28.9406;28.5969;25.5769;23.9841
02.09.11;37.1975;32.5112;30.6871;30.1551;26.116;24.213
05.09.11;47.3781;37.9066;34.0577;33.8959;27.6145;25.3539
06.09.11;44.1097;39.5791;35.2751;33.9458;28.8095;26.1316
07.09.11;37.5332;36.7784;33.7524;32.5623;28.0658;25.6704
08.09.11;32.9875;33.3385;32.185;31.4531;27.3483;25.3092
09.09.11;39.9096;35.6343;33.0086;32.2314;27.7627;27.6921
12.09.11;50.6477;40.4054;36.1861;35.8481;29.3701;29.3248
13.09.11;41.594;38.8326;36.6385;35.3805;29.6217;29.8372
14.09.11;40.371;36.7529;35.5097;34.2993;29.1982;29.4997
15.09.11;40.371;33.5128;33.8405;32.7772;28.4205;28.8174
16.09.11;40.371;31.3863;31.9341;31.5199;27.5387;27.917
19.09.11;33.7984;32.8453;32.4453;27.6863;27.7344;27.917
20.09.11;31.1112;31.4754;31.2142;27.3837;27.9572;15.6178
21.09.11;30.8422;30.2644;30.1136;26.9106;27.4463;16.6665
22.09.11;34.7527;33.0345;32.3391;27.6525;27.9026;16.4923
23.09.11;36.0245;33.8884;33.3468;28.7053;29.2451;16.8241
26.09.11;36.5667;33.9606;33.4912;29.199;29.7596;17.8874
27.09.11;32.2937;32.3308;32.0131;28.2504;28.8942;18.1265
28.09.11;32.9311;31.7114;31.5581;28.2276;28.9517;18.0765
29.09.11;31.2945;30.9922;31.0701;28.1492;28.915;18.3514
30.09.11;33.1726;32.5618;32.4042;28.6357;29.1068;18.3243
03.10.11;35.0119;34.1438;33.6889;29.4292;30.0301;18.7667
04.10.11;36.4335;35.3946;34.7976;30.228;30.8695;18.9616
05.10.11;32.8352;33.4299;33.2876;29.9163;30.7099;19.0285
06.10.11;30.371;30.8593;31.416;29.09;30.2165;19.0284
07.10.11;27.0534;29.1476;29.9889;28.6013;29.5191;19.2452
10.10.11;26.1513;27.199;29.2763;27.86;28.8102;19.2042
11.10.11;25.8412;26.8674;28.2794;27.4246;28.115;19.2979
12.10.11;23.2288;25.212;26.988;26.7283;27.8486;19.2285
13.10.11;26.6997;25.8828;26.9643;26.8922;27.6789;19.2573
14.10.11;21.5043;24.4609;26.4116;26.3969;27.6386;19.4404
17.10.11;29.0965;24.8048;26.2794;26.2389;27.3872;19.1779
18.10.11;28.6408;25.4893;26.4395;26.3009;27.4374;19.2036
19.10.11;26.7456;25.8816;26.5893;26.4347;27.5263;19.283
20.10.11;26.7456;27.9743;27.5038;26.7225;27.7016;19.3211
21.10.11;26.7456;24.8158;26.7116;26.6976;27.4315;19.45
24.10.11;22.4753;24.9864;26.7116;25.76;26.6143;18.9988
25.10.11;22.9664;24.2882;23.7772;25.1632;26.2339;18.8864
26.10.11;23.3515;24.7158;22.8883;25.1637;25.9634;18.8253
27.10.11;19.5114;21.589;21.1701;23.688;25.1018;18.6429
28.10.11;18.3462;20.6175;20.6504;22.6808;23.5249;18.0358
31.10.11;20.2431;22.0028;21.708;22.6342;23.579;17.8667
01.11.11;27.3305;27.338;25.3653;24.4662;24.9999;18.2439
02.11.11;26.3786;26.4525;24.8248;26.0627;26.3406;18.8088
03.11.11;24.5579;25.6279;24.5327;25.6753;26.1143;18.8207
04.11.11;22.7796;25.0605;24.0849;25.088;25.7666;18.5657
07.11.11;24.1693;25.2485;24.185;24.9555;25.5096;18.4907
08.11.11;22.9864;24.6058;23.8329;24.7187;25.2476;18.5177
09.11.11;25.1302;25.3864;24.4327;25.0577;25.8453;18.4453
10.11.11;28.909;26.5799;25.0425;25.3655;26.3352;18.5043
11.11.11;23.8007;24.0442;23.4318;25.281;26.0397;18.7156
14.11.11;24.7833;24.3391;23.6426;24.7576;25.6843;18.6062
15.11.11;24.9504;23.6942;23.2999;24.5675;25.3117;18.5381
16.11.11;23.5261;22.9924;22.9353;24.258;24.941;18.5036
17.11.11;23.5261;23.7459;23.2516;24.4058;25.3644;18.4386
18.11.11;23.5261;23.5614;23.1789;24.7339;25.7749;18.5104
21.11.11;26.8497;25.0332;23.1789;25.8607;27.0794;18.404
22.11.11;25.201;24.4831;25.2059;26.0035;27.0763;18.3543
23.11.11;26.8484;24.9708;25.549;26.2504;27.3705;18.1242
24.11.11;26.4023;25.207;26.0433;26.6158;27.6036;18.0386
25.11.11;25.1763;24.9813;25.5884;26.5237;27.6651;18.1642
28.11.11;23.9378;24.0308;24.911;26.0751;26.7508;18.3173
29.11.11;24.1405;23.0892;24.3225;24.9342;26.0212;18.3287
30.11.11;23.8385;21.1256;22.6291;23.859;25.177;18.2901
01.12.11;22.1216;20.8731;22.2568;23.1845;24.4754;18.1663
02.12.11;21.9528;20.0265;21.7499;22.6562;23.9109;18.0547
05.12.11;22.8755;19.7339;21.4503;22.3666;23.493;17.9518
06.12.11;23.4828;19.8625;21.2295;22.052;23.2684;17.9749
07.12.11;27.0902;20.4697;21.7131;22.5972;23.6955;18.1772
08.12.11;29.8936;21.2035;22.4263;22.898;23.9858;18.3339
09.12.11;23.6015;19.753;22.1289;22.7905;24.0054;18.3775
12.12.11;25.4729;19.9326;22.0519;22.7288;23.6559;18.3048
13.12.11;24.1929;18.5579;21.3087;22.2795;23.482;18.2085
14.12.11;25.4514;18.8531;21.0617;22.1279;23.3278;18.0832
15.12.11;25.4514;18.1394;20.6224;21.5663;23.3735;18.1721
16.12.11;25.4514;17.5181;19.9695;21.3515;23.0902;18.0655
19.12.11;16.864;19.3842;20.9821;22.8475;17.9829;23.8951
20.12.11;16.3977;18.3892;20.015;21.9576;17.5839;23.4099
21.12.11;16.2623;18.0333;19.7466;21.4739;17.4613;23.0603
22.12.11;16.1684;17.9906;19.4129;21.3238;17.5155;22.9591
23.12.11;15.0752;17.4499;19.0971;21.1881;17.4901;22.9362
26.12.11;15.0752;17.4499;19.0971;21.1881;17.4901;22.9362
27.12.11;15.8147;17.6888;19.2921;21.1674;17.5706;22.7123
28.12.11;16.393;18.1553;19.5747;21.3025;17.8202;22.7878
29.12.11;16.6716;18.4719;20.0387;21.6655;17.936;23.0899
30.12.11;16.6092;18.3216;19.9239;21.4727;17.9189;23.1078
02.01.12;16.6092;18.3216;19.9239;21.4727;17.9189;23.1078
03.01.12;16.214;17.7456;19.3351;20.9631;17.795;22.7543
04.01.12;16.1343;17.6844;19.1225;20.7717;17.6616;22.4717
05.01.12;16.9095;17.9088;19.5491;21.163;18.0513;22.7332
06.01.12;16.5941;17.6412;19.3795;21.0131;18.0589;22.8911
09.01.12;18.0052;17.9511;19.6272;21.2002;18.1138;22.8317
10.01.12;16.5871;17.0313;18.7566;20.4504;18.0804;22.7603
11.01.12;17.4333;17.4639;19.3021;20.9986;17.9319;22.562
12.01.12;17.3064;17.3438;19.0986;20.7924;18.0467;22.6989
13.01.12;17.6225;17.8348;19.6484;20.9293;17.9776;22.4636
16.01.12;19.199;17.6539;19.2997;20.8818;18.1196;22.8034
17.01.12;19.4473;17.0971;18.7144;20.4693;17.9222;22.4085
18.01.12;19.8916;16.4757;18.1221;19.9184;17.7505;22.0936
19.01.12;19.8916;15.5541;17.3382;19.3037;17.3989;21.5391
20.01.12;19.8916;15.0312;17.1844;19.2591;17.2263;21.0834
23.01.12;15.0221;17.2052;17.1844;19.2109;17.4664;21.1823
24.01.12;15.3199;17.238;17.5067;19.1371;17.4642;21.0546
25.01.12;16.1023;17.7682;17.721;19.4248;17.4672;21.0853
26.01.12;15.7171;17.2821;17.6444;19.2547;17.4775;21.0556
27.01.12;15.9682;17.5735;17.6343;19.3475;17.3952;20.8311
30.01.12;17.9951;19.0333;18.1903;19.8818;17.5096;21.2009
31.01.12;17.5151;18.5662;18.3972;19.9615;17.6987;21.3235
01.02.12;17.0033;17.6852;18.3098;19.2196;17.6428;21.2823
02.02.12;17.2706;17.8438;17.6842;19.0504;17.4427;20.8906
03.02.12;16.2383;16.7043;17.2769;18.3584;17.3602;20.7569
06.02.12;18.0389;17.4083;17.2571;18.4544;17.2273;20.5333
07.02.12;18.2139;17.6442;17.3817;18.4684;17.1987;20.5765
08.02.12;18.7066;17.7162;17.3225;18.392;17.0977;20.3174
09.02.12;18.7437;17.6127;17.3487;18.3651;17.0489;20.0314
10.02.12;19.497;19.009;18.313;19.1752;17.5243;20.4408
13.02.12;20.4752;18.5994;18.0811;19.1342;17.4171;20.525
14.02.12;18.8967;18.3707;18.0741;19.1435;17.3053;20.5427
15.02.12;19.5889;17.9564;17.6777;18.8067;17.1676;20.3773
16.02.12;19.5889;18.0605;17.9191;19.0085;17.2973;20.3835
17.02.12;19.5889;16.6354;16.7787;18.2997;16.9838;20.1476
20.02.12;16.6265;16.495;16.7787;18.2327;16.9322;19.9701
21.02.12;16.3072;16.2505;16.4398;18.0211;16.954;19.8797
22.02.12;16.6079;16.4608;16.3583;18.1736;16.9947;19.8978
23.02.12;16.2766;16.2964;16.4901;18.085;16.9707;19.9509
24.02.12;15.1953;15.7519;16.2596;17.7301;16.7816;19.789
27.02.12;16.3663;16.2293;16.585;18.0164;16.9805;19.8667
28.02.12;16.2442;16.2147;16.5513;18.2242;17.1072;19.9949
29.02.12;16.1516;16.038;16.6118;18.2302;17.0103;19.9957
01.03.12;15.8365;15.7974;16.4488;17.8893;16.8934;19.9405
02.03.12;15.6513;15.4015;16.2123;17.7989;16.7862;19.8356
05.03.12;17.2547;15.9749;16.4294;18.0753;16.9333;19.9817
06.03.12;22.2148;18.3879;17.9264;19.9088;17.8738;21.0227
07.03.12;20.8003;17.83;18.1884;19.5664;17.6497;20.8595
08.03.12;17.3191;16.2066;17.5283;18.2922;17.0596;20.0712
09.03.12;14.6446;14.8331;16.2774;17.3755;16.5849;19.4868
12.03.12;16.4989;15.0762;15.9735;17.4517;16.7703;19.6282
13.03.12;17.628;14.036;14.9789;16.6622;16.2419;19.2294
14.03.12;18.2517;14.2128;14.9388;16.4768;16.1257;19.0648
15.03.12;18.2517;13.7504;14.7487;16.1267;15.9902;18.9388
16.03.12;18.2517;13.4196;14.5659;16.101;16.2343;18.8463
19.03.12;13.3856;14.517;16.2074;16.3197;18.8752;18.8463
20.03.12;14.1029;14.952;16.5432;16.6773;19.1175;11.6476
21.03.12;14.2273;15.1304;16.641;16.775;19.1265;11.697
22.03.12;15.373;15.9117;17.1516;16.9119;19.4389;11.9818
23.03.12;15.0492;15.8043;17.0254;16.6888;19.2635;11.9298
26.03.12;14.3877;14.9763;16.292;16.4436;19.0269;17.9523
27.03.12;14.7478;15.1979;16.5259;16.5811;19.0485;17.8458
28.03.12;15.1816;15.6247;16.8647;16.6129;19.0437;17.812
29.03.12;16.764;16.8998;18.0333;17.1475;19.6298;18.1778
30.03.12;14.783;15.7611;16.9042;16.6847;19.1551;17.9174
02.04.12;13.7148;14.6415;15.9127;16.2127;18.5534;17.5208
03.04.12;13.649;14.5784;15.8791;16.2076;18.4204;17.397
04.04.12;16.5949;16.5295;17.6193;16.9773;19.0311;17.6925
05.04.12;15.5059;16.3484;17.5587;16.7998;18.9718;17.588
06.04.12;15.5059;16.3484;17.5587;16.7998;18.9718;17.588
09.04.12;15.5059;16.3484;17.5587;16.7998;18.9718;17.588
10.04.12;19.7511;18.834;19.3912;17.7599;19.9343;18.1445
11.04.12;19.2019;18.8188;19.4752;17.864;20.1403;18.2173
12.04.12;16.566;17.6276;18.6712;17.8397;19.7981;18.0536
13.04.12;17.5397;18.0984;18.9537;18.0945;20.2336;18.0208
16.04.12;18.3096;17.7611;18.6672;17.9131;19.9803;18.0006
17.04.12;18.0215;16.5306;17.9231;17.5077;19.5402;17.8524
18.04.12;18.2566;16.9755;18.2247;17.658;19.6536;17.834
19.04.12;18.2566;16.3311;17.7379;17.4783;19.423;17.7903
20.04.12;18.2566;14.9878;16.5952;17.0435;19.1245;17.5333
23.04.12;17.3513;18.1215;16.5952;17.8012;19.8399;17.8576
24.04.12;16.5213;17.6735;17.2843;17.5547;19.5717;17.7631
25.04.12;15.7075;17.0927;17.0776;17.1739;19.2455;17.5874
26.04.12;15.5191;16.9999;17.0691;17.2511;19.3519;17.6009
27.04.12;14.534;16.0559;16.227;16.718;18.8905;17.3047
30.04.12;14.5757;15.9858;16.238;16.7194;18.8612;17.3511
01.05.12;14.5757;15.9858;16.238;16.7194;18.8612;17.3511
02.05.12;15.0046;16.1016;16.3039;16.6895;18.8518;17.3631
03.05.12;15.1261;16.0635;16.3316;16.7359;18.8169;17.3064
04.05.12;15.9951;16.6344;16.7694;16.9121;18.9864;17.3847
07.05.12;16.2894;16.6897;16.7195;16.8483;18.8792;17.2947
08.05.12;17.502;17.6453;17.4292;17.3979;19.401;17.5683
09.05.12;18.0361;18.2726;18.1075;17.8214;19.859;17.7351
10.05.12;16.7143;17.7148;17.9363;17.7644;19.6547;17.4927
11.05.12;15.3778;17.2933;17.632;17.6544;19.4508;17.3759
14.05.12;21.1979;19.1743;18.9166;18.4512;20.2838;17.4272
15.05.12;20.4514;18.7776;18.6994;18.3921;20.1239;17.5658
16.05.12;20.4514;18.3486;18.7496;18.3459;20.1095;17.4403
17.05.12;20.4514;18.3486;18.7496;18.3459;20.1095;17.4403
18.05.12;20.4514;18.2374;19.2332;19.2097;20.8328;17.3643
21.05.12;17.7949;19.0507;19.2332;19.0715;20.9303;17.5676
22.05.12;15.9467;17.5852;18.5915;18.2069;20.0572;17.2394
23.05.12;18.2428;19.2079;18.6014;19.1864;20.9496;17.5362
24.05.12;17.08;18.5724;18.6721;18.8892;20.6649;17.5596
25.05.12;16.2352;18.1907;18.5065;18.6675;20.5174;17.4521
28.05.12;16.2352;18.1907;18.5065;18.6675;20.5174;17.4521
29.05.12;16.2688;18.2996;18.5321;18.7594;20.4572;17.5554
30.05.12;18.1072;19.7809;19.7463;19.6704;21.3029;18.0707
31.05.12;19.7895;21.0638;20.8104;20.6943;22.3785;18.4405
01.06.12;20.6637;22.1046;21.9997;21.7559;23.2948;18.6718
04.06.12;21.8571;22.7404;22.4025;22.1199;23.7157;18.7347
05.06.12;19.6625;21.9147;21.8869;21.7757;23.4972;18.5787
06.06.12;17.998;20.9174;21.109;21.2275;22.6654;18.138
07.06.12;17.7909;20.2884;20.4837;20.9003;22.0611;18.0291
08.06.12;16.7439;20.015;20.4213;20.7589;22.0797;17.9893
11.06.12;19.8975;19.9432;20.3043;20.62;21.8942;17.8981
12.06.12;18.425;20.169;20.3323;20.303;21.6783;17.8806
13.06.12;18.8673;20.6281;20.6494;20.5982;21.623;17.9142
14.06.12;18.8673;21.2272;20.9542;20.7353;21.7546;17.9874
15.06.12;18.8673;21.0017;20.8006;20.7402;21.9469;18.0494
18.06.12;17.9972;18.8534;19.5065;21.0931;17.636;18.7717
19.06.12;15.7546;17.1502;18.1564;20.2761;17.142;18.3378
20.06.12;16.0745;17.1609;18.0804;19.9238;17.1704;18.3425
21.06.12;14.9024;16.4352;17.5772;19.5054;16.9606;18.1275
22.06.12;14.9455;16.53;17.8068;19.6575;17.0923;18.2477
25.06.12;16.5371;17.7086;18.8655;20.3787;17.404;18.5322
26.06.12;16.1752;17.1835;18.3756;20.1773;17.2165;18.4516
27.06.12;15.9222;16.6349;17.874;19.7848;16.9967;18.2211
28.06.12;16.8453;17.1748;18.1151;19.9558;17.131;18.2242
29.06.12;14.7969;15.3232;16.803;19.0604;16.7095;18.0592
02.07.12;14.9075;15.0134;16.1684;18.336;16.4294;17.5653
03.07.12;13.6754;14.0158;15.3881;17.5588;16.0797;17.2494
04.07.12;13.5267;14.2913;15.5519;17.657;16.217;17.3707
05.07.12;14.0148;14.7219;15.8277;17.764;16.2992;17.4533
06.07.12;13.7786;14.5752;16.044;17.8791;16.3605;17.5259
09.07.12;15.067;15.1192;16.4629;18.1812;16.5219;17.7159
10.07.12;14.469;14.6867;16.062;18.0663;16.4558;17.5391
11.07.12;14.2425;14.5927;16.0512;18.1336;16.5006;17.661
12.07.12;14.7352;14.8312;16.4332;18.3439;16.6602;17.8268
13.07.12;12.9651;14.1706;15.796;17.8673;16.4587;17.5502
16.07.12;14.6304;14.2881;15.7705;17.6823;16.4411;17.5484
17.07.12;14.2083;13.7245;15.4787;17.375;16.3509;17.5133
18.07.12;13.7874;12.9699;14.7856;16.7466;15.9385;17.1124
19.07.12;13.7874;12.5955;14.2229;16.1898;15.7698;16.9219
20.07.12;13.7874;13.7902;15.2978;16.9783;16.1254;17.356
23.07.12;16.3048;17.1545;15.2978;18.7503;16.9405;18.0612
24.07.12;16.2057;17.3495;17.1387;18.8364;17.2046;18.224
25.07.12;15.6916;16.8384;17.1627;18.7034;17.0804;18.1219
26.07.12;14.4177;15.9725;16.3058;17.8749;16.7852;17.824
27.07.12;13.8759;15.5074;15.7179;17.0456;16.5033;17.4804
30.07.12;14.5737;15.2289;15.5556;17.0576;16.4555;17.4363
31.07.12;14.9999;15.5519;15.9806;17.2423;16.5402;17.5707
01.08.12;14.9999;15.5519;15.9806;17.2423;16.5402;17.5707
02.08.12;14.1909;14.807;15.5601;16.7833;16.2683;17.3705
03.08.12;12.9276;13.6759;14.5574;16.1308;15.9217;16.9993
06.08.12;13.5517;13.8505;14.4958;16.1323;15.9671;17.0374
07.08.12;13.9249;14.0134;14.5171;16.061;15.9837;17.1021
08.08.12;13.6931;14.0958;14.6859;16.0957;16.0911;17.1518
09.08.12;13.5496;13.6905;14.2811;15.6426;15.8088;16.9262
10.08.12;12.981;13.6404;14.3747;15.6929;15.9327;17.0961
13.08.12;15.4035;13.7756;14.5386;15.9792;16.0173;17.1799
14.08.12;14.1548;13.4641;14.3315;15.8611;16.05;17.1816
15.08.12;14.582;13.8195;14.8139;16.1437;16.0592;17.2101
16.08.12;14.582;13.8621;14.9719;16.3837;16.2441;17.3673
17.08.12;14.582;13.5701;14.5483;16.5861;16.4138;17.4705
20.08.12;14.0571;15.0581;14.5483;16.8513;16.6432;17.8193
21.08.12;14.1499;15.0789;15.6849;17.0815;16.8142;17.9105
22.08.12;15.5064;16.1218;16.3368;17.9522;17.3057;18.2997
23.08.12;15.6001;16.3488;16.9029;18.2417;17.5363;18.6184
24.08.12;14.3259;15.619;16.35;17.739;17.3185;18.4597
27.08.12;14.8469;15.782;16.3605;17.8505;17.3439;18.4831
28.08.12;15.2681;16.2265;16.7319;17.9896;17.6674;18.8051
29.08.12;15.5386;16.5335;16.9981;18.2651;17.7372;18.8024
30.08.12;16.4382;17.3028;17.5882;18.8998;18.0196;19.04
31.08.12;15.6593;16.6602;17.0892;18.3848;17.7536;18.8436
03.09.12;15.9178;16.6055;16.9782;18.1405;17.6418;18.7332
04.09.12;16.9523;17.2624;17.3739;18.5299;17.9035;18.9564
05.09.12;16.2979;16.5966;16.7986;17.8461;17.4134;18.5268
06.09.12;14.1387;14.4901;15.0757;16.4507;16.501;17.8446
07.09.12;13.2941;13.7637;14.754;16.2253;16.4297;17.6482
10.09.12;14.4069;14.4193;15.0072;16.455;16.6068;17.7673
11.09.12;15.2547;14.7468;15.1085;16.4883;16.6868;17.8442
12.09.12;14.4004;14.4859;14.8286;16.5587;16.5644;17.7796
13.09.12;13.6816;14.0612;14.4988;16.2077;16.3271;17.5309
14.09.12;12.2238;13.2084;13.574;15.6323;16.0122;17.3334
17.09.12;13.9796;13.2149;13.8564;15.6795;16.0594;17.4333
18.09.12;13.2727;13.3399;13.869;15.5515;16.1112;17.446
19.09.12;14.2677;12.3995;13.2496;15.2244;15.981;17.3622
20.09.12;14.2677;12.1571;13.0974;15.0892;15.9477;17.3286
21.09.12;14.2677;11.3283;12.4132;14.6592;15.4799;16.9757
24.09.12;12.1078;12.6928;14.8734;15.6961;17.1366;16.9757
25.09.12;11.6809;12.4999;14.4574;15.4334;16.8097;11.3989
26.09.12;12.4919;13.0904;15.0835;15.9564;17.1044;11.1317
27.09.12;12.4712;12.888;14.9713;15.6245;16.9029;11.1865
28.09.12;12.6993;13.0143;14.8393;15.6221;16.8781;11.4254
01.10.12;11.9484;12.3211;14.0759;15.0438;16.3673;14.5151
02.10.12;11.9921;12.3718;13.8817;15.0616;16.4462;14.509
03.10.12;11.9546;12.3074;13.8578;15.0325;16.4866;14.5354
04.10.12;11.547;11.9307;13.4492;14.7386;16.3435;14.49
05.10.12;10.9709;11.4683;13.1178;14.4679;16.0412;14.3322
08.10.12;12.0288;11.77;13.3343;14.596;16.1706;14.4644
09.10.12;12.9394;11.7873;13.424;14.5947;16.0108;14.354
10.10.12;13.6573;12.0025;13.6791;14.7375;16.1545;14.3827
11.10.12;12.2776;11.5578;13.2732;14.5043;15.8986;14.2205
12.10.12;12.0714;11.5098;13.2764;14.4056;15.8435;14.1652
15.10.12;13.183;11.4239;12.9533;14.1012;15.5474;14.0198
16.10.12;12.2647;11.021;12.4211;13.8835;15.3182;13.8515
17.10.12;13.5055;11.2347;12.4469;13.8963;15.3135;13.9529
18.10.12;13.5055;11.3603;12.5718;13.9439;15.4233;14.138
19.10.12;13.5055;11.3474;12.7858;14.1011;15.636;14.3568
22.10.12;11.6267;12.76;12.7858;14.2334;15.7509;14.4127
23.10.12;13.4617;14.0792;13.7776;15.195;16.5941;14.8858
24.10.12;13.1994;14.0135;13.7009;15.1296;16.46;14.7667
25.10.12;12.7652;13.7487;13.4742;14.8822;16.1831;14.5218
26.10.12;12.625;13.8625;13.4672;14.8662;16.1541;14.5035
29.10.12;13.4696;14.2442;13.7101;14.9348;16.1485;14.5147
30.10.12;12.8863;13.9112;13.3146;15.1206;15.8637;14.421
31.10.12;13.0275;13.8518;13.3632;15.2676;15.9137;14.4049
01.11.12;12.5066;13.4139;12.951;14.8544;15.5429;14.2677
02.11.12;11.9841;12.8902;12.5908;14.5008;15.2803;14.0479
05.11.12;13.4722;13.1459;12.7984;14.6426;15.337;14.1212
06.11.12;12.7657;13.1235;12.5237;14.3236;15.1211;13.9964
07.11.12;13.6081;13.6456;12.9036;14.6139;15.3338;14.1362
08.11.12;13.233;13.7371;12.845;14.6174;15.3213;14.1318
09.11.12;13.1543;13.522;12.9182;14.7831;15.4667;14.2144
12.11.12;13.5092;13.6593;12.9092;14.736;15.4592;14.2231
13.11.12;13.4114;13.0152;12.6823;14.4924;15.235;14.0794
14.11.12;13.9884;13.4833;12.9125;14.6928;15.4087;14.2132
15.11.12;13.9884;14.1122;13.3785;15.2893;15.8487;14.3616
16.11.12;13.9884;14.2231;13.3734;15.3458;15.8107;14.2789
19.11.12;12.459;11.8083;13.3734;14.1633;14.9319;13.843
20.11.12;12.2092;11.6129;12.5853;13.7879;14.6244;13.6589
21.11.12;11.7319;11.1509;12.0612;13.5137;14.365;13.3743
22.11.12;11.3335;10.8177;11.7369;13.0839;14.0373;13.2664
23.11.12;11.1288;10.8252;11.629;13.0262;13.9225;13.0966
26.11.12;11.649;11.2219;12.0009;13.3245;14.2051;13.3127
27.11.12;11.6603;10.9939;11.7711;13.1466;14.0601;13.1861
28.11.12;11.1384;10.8482;11.7223;12.9767;13.845;13.0804
29.11.12;10.7764;10.4493;11.332;12.7162;13.5892;12.875
30.11.12;10.9398;10.5257;11.4548;12.6412;13.6176;13.0129
03.12.12;11.9646;11.1012;11.8805;12.9278;13.8131;13.1658
04.12.12;12.0505;11.4291;12.1001;12.8376;13.9432;13.2353
05.12.12;12.674;12.2618;12.8631;13.4293;14.3679;13.5465
06.12.12;12.3873;12.0471;12.5832;13.4422;14.135;13.3962
07.12.12;12.0085;12.2611;12.9153;13.8877;14.5154;13.6224
10.12.12;12.8014;12.5614;13.0728;13.9084;14.5688;13.7137
11.12.12;12.2375;12.4353;13.0523;13.846;14.5978;13.7644
12.12.12;12.3382;12.5127;13.1724;14.2708;14.7664;13.907
13.12.12;11.6487;12.2883;13.2161;14.2075;14.8897;14.2705
14.12.12;11.063;12.3499;13.2065;14.1544;14.9362;14.36
17.12.12;12.7222;12.3501;13.1978;14.1563;15.0193;14.4158
18.12.12;12.1631;11.8218;12.7836;13.748;14.7201;14.1638
19.12.12;14.1011;11.9283;12.4676;13.5711;14.5288;13.9727
20.12.12;14.1011;12.1866;12.7592;13.843;15.0125;14.3619
21.12.12;14.1011;12.8005;13.5818;14.754;15.814;14.6643
24.12.12;14.1011;12.8005;13.5818;14.754;15.814;14.6643
25.12.12;14.1011;12.8005;13.5818;14.754;15.814;14.6643
26.12.12;14.1011;12.8005;13.5818;14.754;15.814;14.6643
27.12.12;13.679;14.0535;15.0698;15.8837;14.7628;17.1366
28.12.12;14.4812;14.5936;15.3012;15.9357;14.754;17.2477
31.12.12;14.4812;14.5936;15.3012;15.9357;14.754;17.2477
01.01.13;14.4812;14.5936;15.3012;15.9357;14.754;17.2477
02.01.13;14.4812;14.5936;15.3012;15.9357;14.754;17.2477
03.01.13;12.7742;12.6189;13.843;14.5807;13.9886;9.9559
04.01.13;11.6304;12.15;13.3836;14.4268;14.0611;16.2037
07.01.13;12.436;12.2731;13.5869;14.4071;13.9801;16.1017
08.01.13;11.979;11.9733;13.5171;14.245;13.9124;15.9557
09.01.13;11.5648;11.5579;13.0134;13.9584;13.779;15.5996
10.01.13;11.7528;12.0581;13.324;14.158;13.9053;15.5591
11.01.13;12.0929;11.7452;13.051;13.9715;13.8148;15.4314
14.01.13;14.8494;12.3117;13.2163;14.1404;13.9632;15.5406
15.01.13;15.6079;12.1331;13.18;13.8418;13.8575;15.5416
16.01.13;15.8756;12.4201;13.1609;13.6706;13.777;15.3613
17.01.13;15.8756;13.7811;13.459;13.6679;13.7024;15.3198
18.01.13;15.8756;13.8442;14.3083;14.5744;14.4235;16.0229
21.01.13;14.1426;14.4642;14.3083;14.7818;14.438;16.0597
22.01.13;13.7027;13.8741;13.9589;14.5098;14.3395;15.8229
23.01.13;13.4962;13.4366;12.9154;13.6758;13.659;15.098
24.01.13;12.824;13.0556;12.8007;13.4913;13.3694;14.7932
25.01.13;12.2853;12.9351;12.7212;13.4946;13.3848;14.8465
28.01.13;12.8309;13.2289;12.9797;13.4726;13.2585;14.6629
29.01.13;13.2436;13.3794;13.1002;13.6297;13.3432;14.7135
30.01.13;13.5944;13.7497;13.4906;13.8147;13.6518;15.0569
31.01.13;12.9387;13.7552;13.5034;13.8778;13.6227;14.9888
01.02.13;13.0927;13.6101;13.5154;13.9369;13.7157;15.1404
04.02.13;15.0081;14.5695;14.0787;14.4332;14.0547;15.4405
05.02.13;14.6064;14.6979;14.3101;14.3303;13.99;15.2907
06.02.13;14.4221;15.0923;14.4783;14.5667;14.1044;15.4197
07.02.13;14.3241;15.2487;14.6959;14.8357;14.3332;15.6776
08.02.13;13.2663;14.4283;14.0348;14.5016;14.0835;15.3796
11.02.13;15.2377;14.3396;14.0043;14.3195;13.9616;15.3129
12.02.13;15.2507;14.0111;13.7879;14.1254;13.8026;15.1065
13.02.13;17.3041;14.0606;13.6723;13.919;13.6021;14.9078
14.02.13;17.3041;13.6256;13.442;13.8457;13.5576;14.8498
15.02.13;17.3041;13.2379;13.1219;13.6679;13.431;14.7435
18.02.13;13.5965;13.3922;13.1219;13.8758;13.5634;14.7831
19.02.13;13.344;13.0003;12.8796;13.3947;13.2475;14.472
20.02.13;13.4346;13.1416;12.9333;13.5277;13.2065;14.4512
21.02.13;14.7158;14.3134;14.1032;14.5224;14.0399;15.1452
22.02.13;14.4008;13.8981;13.6971;14.1903;13.8371;14.9936
25.02.13;14.7418;13.9223;13.6603;14.162;13.6981;14.9398
26.02.13;16.1561;15.1676;14.7316;15.1665;14.6277;15.6572
27.02.13;14.3904;14.5118;14.4373;14.8668;14.3502;15.3905
28.02.13;13.3766;13.8267;13.8098;14.2695;13.9402;15.0235
01.03.13;13.3553;13.9273;14.095;14.6588;14.1066;15.264
04.03.13;14.3846;13.9611;14.1288;14.6429;14.1513;15.2391
05.03.13;13.1655;13.2828;13.3415;14.0172;13.5435;14.7853
06.03.13;13.1816;13.387;13.4643;14.0307;13.7119;14.9153
07.03.13;12.5659;12.941;13.314;13.97;13.6594;14.783
08.03.13;12.2291;12.4778;12.867;13.5974;13.4031;14.6163
11.03.13;14.1996;12.5803;13.0261;13.7078;13.4417;14.7021
12.03.13;13.206;12.0794;12.6586;13.2834;13.6264;14.5072
13.03.13;14.3102;11.984;12.7388;13.4605;13.9819;14.8047
14.03.13;14.3102;11.9623;12.3773;13.1883;13.6781;14.5705
15.03.13;14.3102;11.6669;12.2985;13.1283;13.6674;14.6008
18.03.13;12.3347;12.9714;13.5819;14.061;15.0215;14.6008
19.03.13;13.2754;13.7644;14.3358;14.4481;15.3;9.5056
20.03.13;12.574;13.2631;13.8654;14.3287;15.1961;9.6421
21.03.13;12.9278;13.5215;14.3445;14.6444;15.5555;14.6149
22.03.13;13.9768;14.2794;14.7553;14.8329;15.6843;14.6384
25.03.13;13.4728;13.9656;14.63;14.6804;15.4493;14.5377
26.03.13;12.8927;13.7378;14.5763;14.5787;15.4404;14.4199
27.03.13;12.4545;13.6944;14.6084;14.7688;15.5486;14.3946
28.03.13;11.6046;13.0132;13.9374;14.4364;15.2175;14.1732
29.03.13;11.6046;13.0132;13.9374;14.4364;15.2175;14.1732
01.04.13;11.6046;13.0132;13.9374;14.4364;15.2175;14.1732
02.04.13;11.7782;12.7689;13.6633;14.1664;15.1057;14.1382
03.04.13;12.3983;13.2461;14.2978;14.5802;15.5181;14.3706
04.04.13;14.2232;14.6477;15.3752;15.2959;16.1233;14.8534
05.04.13;16.0265;15.6694;16.2872;15.9526;16.6759;15.3533
08.04.13;15.7585;15.1419;15.5933;15.4976;16.1399;14.9505
09.04.13;16.0721;15.2699;15.6588;15.587;16.2352;15.0315
10.04.13;14.5053;13.8563;14.5022;14.7731;15.5881;14.6344
11.04.13;14.1249;13.7831;14.4242;14.7127;15.4485;14.533
12.04.13;14.3146;14.1509;14.8813;15.0768;15.7182;14.6384
15.04.13;15.7268;14.098;14.7742;14.9981;15.5346;14.5721
16.04.13;16.76;14.7702;15.3695;15.3127;15.8848;14.7593
17.04.13;22.4699;16.5074;16.5474;16.2175;16.5316;15.165
18.04.13;22.4699;15.4463;16.0606;15.8201;16.3312;15.0204
19.04.13;22.4699;14.4622;15.2285;15.3521;16.067;14.8559
22.04.13;14.7398;15.2398;15.2285;15.3666;16.0931;14.7878
23.04.13;14.1599;14.4643;14.055;14.6652;15.5161;14.3616
24.04.13;14.4436;14.8125;14.5223;14.755;15.4475;14.4052
25.04.13;14.8656;15.1337;14.9578;15.0737;15.7043;14.612
26.04.13;15.3175;15.54;15.3626;15.4602;15.9911;14.8109
29.04.13;15.7299;15.5012;15.193;15.3417;15.7806;14.6169
30.04.13;15.6536;15.175;15.1513;15.4675;16.0907;14.9076
01.05.13;15.6536;15.175;15.1513;15.4675;16.0907;14.9076
02.05.13;14.2382;14.5998;14.5317;14.9499;15.6503;14.6834
03.05.13;13.3884;14.2938;14.1207;14.6114;15.3346;14.3913
06.05.13;13.874;14.3731;14.4284;14.6429;15.3023;14.3838
07.05.13;13.8213;14.1141;14.2415;14.4516;15.0773;14.1392
08.05.13;13.614;13.5366;13.5976;14.0203;14.7373;13.828
09.05.13;13.614;13.5366;13.5976;14.0203;14.7373;13.828
10.05.13;14.0662;13.9667;13.9817;14.3258;14.7791;13.7796
13.05.13;17.7788;14.629;14.5293;14.7333;15.1817;14.0324
14.05.13;16.5048;14.0675;14.2155;14.6069;15.117;14.5301
15.05.13;17.8724;13.9215;14.2695;14.6792;15.0913;14.4707
16.05.13;17.8724;14.2603;14.6369;15.1772;15.6889;14.8475
17.05.13;17.8724;14.0411;14.5448;15.3915;15.9771;15.2043
20.05.13;17.8724;14.0411;14.5448;15.3915;15.9771;15.2043
21.05.13;14.6154;14.9602;14.5448;15.6553;16.3803;15.7277
22.05.13;14.7912;15.0437;15.0718;15.5833;16.2976;15.825
23.05.13;17.103;16.9318;16.6356;17.1508;17.4369;16.7227
24.05.13;16.7963;16.6534;16.3235;16.9812;17.4663;16.7812
27.05.13;17.0144;16.7263;16.4398;17.0027;17.4225;16.7367
28.05.13;16.1249;16.0545;15.9833;16.4735;17.0386;16.6195
29.05.13;18.038;17.6184;17.0407;17.603;17.9698;16.8873
30.05.13;18.3293;17.4171;16.947;17.4396;17.833;16.9894
31.05.13;17.8749;17.5163;17.164;17.6147;18.0004;17.0112
03.06.13;20.3803;18.9379;18.0517;18.4918;18.829;17.3711
04.06.13;20.3836;19.1227;18.2823;18.4825;18.6724;17.4976
05.06.13;21.8723;20.1453;19.1668;19.2879;19.3974;17.7168
06.06.13;20.9631;19.7914;18.9765;19.2515;19.3968;17.8375
07.06.13;18.8111;18.4177;18.2921;18.2806;18.5634;17.6706
10.06.13;19.1922;18.053;17.9219;18.0804;18.315;17.3124
11.06.13;20.3158;19.4336;18.9499;19.0741;19.1562;17.505
12.06.13;21.3599;19.6144;19.1541;19.1717;19.1912;17.6575
13.06.13;20.5907;19.599;19.0611;19.1929;19.2363;17.7387
14.06.13;18.9351;19.0819;18.8077;18.9959;19.0543;17.5947
17.06.13;20.4969;18.1758;18.0862;18.3298;18.4137;17.2362
18.06.13;20.8707;17.9125;17.935;18.2086;18.4811;17.2532
19.06.13;22.9386;17.4937;17.483;17.7858;18.1309;17.0659
20.06.13;22.9386;19.5815;19.0712;19.2631;19.3433;17.7048
21.06.13;22.9386;19.5942;19.2446;19.6474;19.808;17.8754
24.06.13;21.7503;20.3449;20.3433;20.5294;18.0949;20.0213
25.06.13;20.3476;19.5535;19.5549;19.783;17.7859;20.8629
26.06.13;19.1893;18.8992;18.899;19.265;17.6123;20.2847
27.06.13;18.581;18.6769;18.7846;19.1644;17.7171;19.7298
28.06.13;18.5082;18.6765;18.8296;19.1925;17.7017;19.3101
01.07.13;19.2033;19.0385;19.046;19.2273;17.8031;19.5605
02.07.13;18.8609;18.7766;18.9506;19.1496;17.7713;19.3783
03.07.13;19.573;19.3705;19.4017;19.5473;18.0006;19.4982
04.07.13;18.2844;18.306;18.4808;18.8247;17.6585;19.5244
05.07.13;19.0496;19.0963;19.1297;19.3225;17.9776;19.2936
08.07.13;19.3121;18.7517;18.7465;18.8848;17.7116;19.3683
09.07.13;18.3713;18.2084;18.322;18.6052;17.618;18.9993
10.07.13;17.3328;17.677;17.9549;18.5038;17.465;18.8825
11.07.13;16.2979;16.7887;17.5063;18.2105;17.3179;18.6634
12.07.13;15.1029;15.974;16.9995;17.8893;17.1096;18.4542
15.07.13;17.3604;16.0435;16.9449;17.6693;16.9659;18.4741
16.07.13;17.4268;15.9709;16.8627;17.6471;16.9007;18.2867
17.07.13;18.7736;15.9756;16.8086;17.5604;16.8288;18.0719
18.07.13;18.7736;14.9934;15.8633;16.8791;16.3494;17.8482
19.07.13;18.7736;14.0256;15.2186;16.5417;16.096;17.408
22.07.13;13.6415;14.7187;15.2186;16.1894;15.8807;17.1637
23.07.13;13.3277;14.3381;14.7993;15.8577;15.6487;16.9128
24.07.13;13.4803;14.3693;14.6165;15.8511;15.6796;16.9885
25.07.13;13.8304;14.797;15.0423;16.1537;15.9095;17.0134
26.07.13;14.1691;15.1371;15.2319;16.3693;15.9945;17.214
29.07.13;14.6831;15.196;15.3706;16.3477;15.9919;17.2255
30.07.13;14.3683;15.149;15.3466;16.3635;16.0154;17.1871
31.07.13;14.6798;15.2738;15.3997;16.4378;16.0429;17.2113
01.08.13;14.6798;15.2738;15.3997;16.4378;16.0429;17.2113
02.08.13;13.229;14.2065;14.5868;15.6968;15.6481;16.9421
05.08.13;13.398;14.1582;14.5576;15.6398;15.6151;16.7741
06.08.13;13.9349;14.1705;14.6618;15.6869;15.6882;16.856
07.08.13;13.9698;14.437;14.8231;15.8057;15.7745;16.9182
08.08.13;12.8864;13.965;14.4501;15.6057;15.6042;16.8391
09.08.13;12.0277;13.5545;14.1489;15.2971;15.4546;16.6881
12.08.13;14.2001;13.8903;14.4061;15.461;15.5469;16.7269
13.08.13;14.7681;13.7962;14.3527;15.4512;15.5611;16.7039
14.08.13;16.099;13.6537;14.3431;15.5139;15.5944;16.557
15.08.13;16.099;14.9285;15.4463;16.5633;16.4043;17.1237
16.08.13;16.099;13.9183;14.921;16.2458;16.1424;17.3316
19.08.13;14.4857;15.347;14.921;16.4854;16.3632;17.3399
20.08.13;14.732;15.592;15.6978;16.6188;16.4639;17.4757
21.08.13;15.1224;15.7773;15.9011;16.8174;16.5601;17.5291
22.08.13;14.2663;15.0091;15.2908;16.2133;16.1641;17.3245
23.08.13;13.6374;14.6738;15.025;15.9897;15.9785;16.9446
26.08.13;13.503;14.5974;15.0368;15.9022;15.9242;16.8914
27.08.13;16.3362;16.3778;16.1989;17.0556;16.6092;17.3673
28.08.13;16.7952;16.7448;16.4866;17.2831;16.7351;17.8118
29.08.13;16.5673;16.5298;16.3562;17.2612;16.7206;17.8861
30.08.13;17.4982;17.0202;16.8993;17.5947;16.9816;18.0477
02.09.13;16.2596;16.1353;16.173;16.9403;16.62;17.8971
03.09.13;16.5455;16.5245;16.4523;17.1645;16.8056;17.9314
04.09.13;16.9842;16.7955;16.8172;17.436;17.0048;18.1536
05.09.13;16.4545;16.5219;16.5903;17.1312;16.846;18.0927
06.09.13;15.4387;15.9632;16.2669;16.731;16.6587;17.8963
09.09.13;16.3799;16.2979;16.3557;16.9196;16.7395;17.8795
10.09.13;14.7152;15.3456;15.6794;16.3269;16.3678;17.6826
11.09.13;14.0919;15.0131;15.4939;16.1981;16.2595;17.4935
12.09.13;13.4044;14.6569;15.33;16.1568;16.2768;17.4684
13.09.13;12.6166;14.581;15.3089;16.1799;16.2751;17.6109
16.09.13;15.2254;14.8744;15.3762;16.2355;16.4195;17.5809
17.09.13;16.1887;14.9165;15.3903;16.1901;16.4226;17.5074
18.09.13;18.7119;14.2807;14.978;15.9129;16.2984;17.2667
19.09.13;18.7119;13.3523;14.2023;15.3321;15.9062;16.8998
20.09.13;18.7119;12.8076;13.828;14.9957;15.6898;16.672
23.09.13;13.3878;14.058;15.1075;15.5845;16.4626;16.672
24.09.13;13.0305;13.7634;14.8297;15.3108;16.2409;10.1458
25.09.13;12.5034;13.4406;14.5874;15.1846;16.0734;10.4048
26.09.13;12.4318;13.2726;14.37;15.0658;15.9052;10.3981
27.09.13;12.8396;13.3033;14.3132;15.0825;15.8423;10.3627
30.09.13;14.6315;14.1353;14.7826;15.362;16.1454;10.3663
01.10.13;13.8442;13.5674;14.6026;14.885;15.8551;10.2802
02.10.13;15.4989;14.7071;15.4437;15.3126;16.1638;10.3326
03.10.13;15.5336;14.9208;15.598;15.4391;16.3119;15.1323
04.10.13;15.0695;14.7705;15.5011;15.3788;16.368;15.255
07.10.13;16.9843;15.6975;16.1159;15.7481;16.5949;15.1176
08.10.13;17.5326;15.9895;16.2206;15.8712;16.7681;15.2271
09.10.13;18.8266;17.101;16.9657;16.2506;17.0487;15.2
10.10.13;16.6093;15.8217;16.0406;15.698;16.943;15.6384
11.10.13;14.3019;14.4681;15.0429;15.2001;16.4735;15.1496
14.10.13;17.7492;15.5787;15.7999;15.5141;16.3553;15.1542
15.10.13;17.0632;14.6756;15.1508;15.1442;16.1585;15.1748
16.10.13;20.4354;14.9637;15.2312;15.1469;16.0826;15.0945
17.10.13;20.4354;13.7126;14.4487;14.747;15.872;15
18.10.13;20.4354;12.6188;13.4498;14.163;15.3575;14.7214
21.10.13;12.9314;13.4103;13.4498;14.1098;15.2301;14.583
22.10.13;12.4439;13.0799;12.6214;13.9176;15.0106;14.4881
23.10.13;12.6843;13.3882;12.8853;14.0844;15.0381;14.5616
24.10.13;11.9711;12.9547;12.598;13.8651;14.9898;14.5126
25.10.13;11.8355;12.9635;12.5291;13.9024;15.0008;14.5717
28.10.13;12.1496;13.1564;12.6575;13.972;15.0093;14.5719
29.10.13;11.7979;12.9474;12.4993;13.9609;15.0038;14.568
30.10.13;12.3151;13.1343;12.6612;13.9911;14.9611;14.4285
31.10.13;11.7871;12.8635;12.4694;13.9285;14.9226;14.3393
01.11.13;11.8088;13.0762;12.6049;14.1156;15.089;14.3949
04.11.13;12.4785;13.1157;12.7098;14.1771;15.2526;14.4597
05.11.13;12.5715;13.3995;12.9407;14.3917;15.3425;14.4793
06.11.13;12.7004;13.0897;12.8399;14.2873;15.239;14.4676
07.11.13;12.6144;12.9877;12.7628;14.2925;15.2423;14.4826
08.11.13;12.3519;13.286;12.8841;14.3513;15.3265;14.5183
11.11.13;13.6868;13.2344;12.809;14.2773;15.3586;14.5275
12.11.13;14.0775;13.3148;12.9219;14.4186;15.3727;14.6381
13.11.13;15.3806;13.3888;13.1427;14.6829;15.6384;14.7457
14.11.13;15.3806;12.5929;12.5608;14.24;15.4241;14.6396
15.11.13;15.3806;12.1427;12.1373;14.0434;15.1605;14.5001
18.11.13;12.31;12.1873;12.1373;14.0129;15.089;14.459
19.11.13;12.6473;12.3817;13.2413;14.2451;15.2681;14.5475
20.11.13;12.7471;12.3846;13.2816;14.3735;15.3976;14.6461
21.11.13;12.6253;12.3132;13.3092;14.3626;15.426;14.6641
22.11.13;11.9259;12.0113;13.1062;14.1834;15.3732;14.6691
25.11.13;11.9137;11.8083;13.0066;14.0234;15.2648;14.5849
26.11.13;11.7285;11.8506;13.0522;14.0781;15.2045;14.5538
27.11.13;11.9066;11.8257;12.9982;14.0505;15.2032;14.5848
28.11.13;11.8905;11.9032;13.0733;14.0827;15.1767;14.6259
29.11.13;12.086;12.0179;13.1833;14.1843;15.2171;14.6492
02.12.13;12.5553;12.404;13.4943;14.5939;15.4081;14.7885
03.12.13;14.2918;13.5115;14.371;15.4675;16.0007;14.9913
04.12.13;15.3009;13.7483;14.3777;15.5459;16.1296;15.1608
05.12.13;14.7058;13.6407;14.4377;15.4896;16.0477;15.0893
06.12.13;13.3224;13.0283;14.0083;15.112;15.7177;14.9789
09.12.13;13.428;12.7642;13.7553;14.8767;15.5568;14.8456
10.12.13;13.7613;12.658;13.6968;14.9448;15.6303;14.7798
11.12.13;14.566;13.0183;13.9889;15.1523;15.8964;14.9442
12.12.13;16.7076;13.8469;14.4644;15.6468;16.2733;14.9631
13.12.13;17.3263;14.0342;14.5865;15.8279;16.4434;15.2236
16.12.13;20.9282;14.5454;14.8918;15.8749;16.5203;15.2858
17.12.13;22.1227;14.9461;15.2718;16.2401;16.5672;15.2666
18.12.13;28.0073;14.7257;15.0526;15.9763;16.4311;15.2639
19.12.13;28.0073;12.1183;13.4011;14.5658;15.2697;14.8792
20.12.13;28.0073;12.2205;13.2596;14.3978;15.0256;14.6017
23.12.13;12.3341;13.0221;14.1805;15.2352;14.4698;16.0741
24.12.13;12.3341;13.0221;14.1805;15.2352;14.4698;16.0741
25.12.13;12.3341;13.0221;14.1805;15.2352;14.4698;16.0741
26.12.13;12.3341;13.0221;14.1805;15.2352;14.4698;16.0741
27.12.13;12.5011;12.9282;13.9217;14.7537;14.1363;15.5529
30.12.13;13.8814;13.6372;14.3814;14.7564;14.0809;15.6197
31.12.13;13.8814;13.6372;14.3814;14.7564;14.0809;15.6197
01.01.14;13.8814;13.6372;14.3814;14.7564;14.0809;15.6197
02.01.14;13.8814;13.6372;14.3814;14.7564;14.0809;15.6197
03.01.14;13.7922;13.9367;14.5746;14.9698;14.1889;15.6203
06.01.14;14.8795;14.2523;15.0197;15.1419;14.5033;15.6244
07.01.14;13.6371;13.8555;14.6822;14.953;14.3207;15.4777
08.01.14;13.4393;13.8552;14.8112;15.0225;14.4052;15.5167
09.01.14;13.93;13.7685;14.8112;15.1143;14.5566;15.6022
10.01.14;11.9268;13.151;14.1932;14.7855;14.3787;15.3573
13.01.14;14.4214;13.3774;14.3634;14.9048;14.4506;15.4535
14.01.14;15.0908;13.4255;14.488;15.0665;14.5927;15.5692
15.01.14;16.3346;13.4503;14.6801;15.196;14.7762;15.7957
16.01.14;16.3346;13.5545;14.7143;15.2468;14.8037;15.9778
17.01.14;16.3346;12.9191;14.1799;14.9756;14.659;15.8084
20.01.14;12.9053;14.1559;14.1799;14.9186;14.5595;15.6567
21.01.14;12.8162;14.1896;13.8189;14.9767;14.6053;15.6745
22.01.14;12.7908;14.129;13.6655;14.8317;14.4649;15.7246
23.01.14;13.4842;14.5098;13.8623;15.1044;14.6093;15.8636
24.01.14;16.0814;16.5479;15.0082;16.3203;15.3263;16.8872
27.01.14;16.0397;16.6157;15.2607;16.8039;15.3474;16.8781
28.01.14;15.7213;16.2716;15.3485;16.3756;15.2629;16.6444
29.01.14;16.601;16.849;15.808;16.4539;15.3951;16.8506
30.01.14;16.1908;16.4463;15.6117;16.2815;15.3284;16.5998
31.01.14;16.9906;17.2143;16.2392;16.7173;15.4966;16.9552
03.02.14;18.4447;18.0505;16.7262;17.1555;15.7125;17.0878
04.02.14;17.753;17.6755;16.5458;16.9444;15.5795;16.8997
05.02.14;17.3616;17.474;16.522;17.0152;15.6916;16.8959
06.02.14;15.4845;16.1953;15.5881;16.0027;15.1507;16.1925
07.02.14;14.6703;15.4128;15.1469;15.648;14.8116;15.7525
10.02.14;14.3329;14.8651;14.687;15.2166;14.5977;15.6397
11.02.14;13.5943;14.3396;14.2222;14.91;14.3886;15.5104
12.02.14;13.246;13.9746;14.0338;14.8178;14.459;15.5954
13.02.14;13.0527;14.0413;14.0694;14.8687;14.5263;15.7335
14.02.14;11.992;13.5779;13.7807;14.6903;14.4696;15.7885
17.02.14;13.6968;14.1588;14.0802;14.7597;14.5117;15.7385
18.02.14;13.9556;14.9594;14.25;14.8652;14.5984;15.8346
19.02.14;13.5181;14.9491;14.2522;14.7589;14.4909;15.722
20.02.14;13.5181;14.661;14.1328;14.7001;14.3929;15.6151
21.02.14;13.5181;14.2246;13.5938;14.3113;14.1448;15.373
24.02.14;13.9325;13.2311;13.5938;14.1151;14.0675;15.2964
25.02.14;13.8277;13.1414;12.9;14.0416;14.023;15.2811
26.02.14;13.9936;13.003;12.8024;13.831;13.9407;15.1916
27.02.14;14.0848;13.3455;13.0271;14.1886;14.0797;15.33
28.02.14;13.8192;13.1606;12.8673;14.1025;14.0667;15.3755
03.03.14;18.8916;15.9795;14.8234;15.8604;15.0815;16.3738
04.03.14;15.9097;14.013;13.4649;14.6948;14.3568;15.517
05.03.14;14.8468;13.8954;13.5412;14.4262;14.1273;15.3643
06.03.14;14.0722;13.3989;13.2202;14.1304;13.9372;15.1195
07.03.14;16.4166;14.6105;14.0273;14.7718;14.4283;15.6625
10.03.14;17.4166;14.9436;14.3543;15.2454;14.6983;16.0247
11.03.14;16.3308;14.5853;14.1313;15.0922;14.6264;15.8931
12.03.14;17.8114;15.1295;14.5948;15.4904;14.8671;16.155
13.03.14;19.1859;16.2703;15.2572;16.0332;15.1824;16.3926
14.03.14;21.9314;16.9287;15.7617;16.6122;15.4406;16.8184
17.03.14;19.8879;15.9572;15.198;15.8676;15.0468;16.2798
18.03.14;17.9155;14.9304;14.4872;15.2373;14.7684;16
19.03.14;18.3723;14.863;14.3942;15.1677;14.739;16.0827
20.03.14;18.3723;14.3599;14.1911;14.943;14.6802;15.9155
21.03.14;18.3723;13.4683;13.7096;14.6322;14.5173;15.7313
24.03.14;14.7988;14.4734;15.21;14.8007;15.9685;15.7313
25.03.14;14.1058;13.9286;14.7653;14.6287;15.6998;9.5944
26.03.14;13.9756;13.7576;14.6356;14.5648;15.6546;10.2996
27.03.14;14.0613;13.8767;14.7696;14.6585;15.7362;10.3161
28.03.14;13.3023;13.3981;14.3916;14.4935;15.6088;10.4165
31.03.14;13.9456;13.6961;14.4755;14.5052;15.4307;10.6149
01.04.14;13.3897;13.2779;14.0696;14.3402;15.323;10.6232
02.04.14;13.1395;13.0787;13.8619;14.1877;15.1425;13.7366
03.04.14;12.5456;12.8013;13.6961;14.0951;15.0407;13.6676
04.04.14;11.9616;12.5505;13.4918;14.0135;14.9932;13.6655
07.04.14;13.9567;13.5449;14.3124;14.4389;15.364;13.7598
08.04.14;13.9273;13.5331;14.3245;14.4652;15.5248;13.7481
09.04.14;13.4801;13.1672;14.1267;14.4299;15.3125;13.7072
10.04.14;12.9431;12.931;13.9692;14.2493;15.1457;13.5242
11.04.14;15.4171;14.0952;14.8145;14.7299;15.6318;13.6482
14.04.14;16.9607;14.0179;14.6988;14.6375;15.4471;13.6079
15.04.14;17.6445;13.8748;14.881;14.661;15.5136;13.6305
16.04.14;17.6445;13.0401;14.0915;14.3971;15.3065;13.5805
17.04.14;17.6445;12.1692;13.3432;14.4673;14.8326;13.4184
18.04.14;17.6445;12.1692;13.3432;14.4673;14.8326;13.4184
21.04.14;17.6445;12.1692;13.3432;14.4673;14.8326;13.4184
22.04.14;12.1061;12.9381;13.3432;13.6934;14.498;13.3482
23.04.14;12.1618;12.9966;12.8568;13.7099;14.515;13.3451
24.04.14;12.3713;13.2752;13.11;13.8947;14.6701;13.3685
25.04.14;13.1782;13.8346;13.5399;14.2334;14.965;13.5002
28.04.14;12.6773;13.3858;13.1199;14.1808;14.7044;13.398
29.04.14;11.4411;12.7798;12.8792;13.8773;14.4523;13.3172
30.04.14;11.0054;12.4877;12.7064;13.7553;14.3613;13.29
01.05.14;11.0054;12.4877;12.7064;13.7553;14.3613;13.29
02.05.14;11.9496;12.7046;12.7662;13.9212;14.6167;13.3674
05.05.14;12.9826;13.1053;13.1348;13.9551;14.7883;13.4638
06.05.14;12.6043;13.1296;13.1861;14.0228;14.8602;13.4884
07.05.14;12.0682;12.8603;13.0544;13.9571;14.7505;13.4671
08.05.14;10.9226;12.2781;12.6127;13.7701;14.4467;13.387
09.05.14;10.1101;11.7363;12.2675;13.4994;14.2344;13.2585
12.05.14;11.0093;11.2389;11.7903;13.1876;13.9901;13.1508
13.05.14;11.0564;11.1381;11.7337;12.912;13.9278;13.1187
14.05.14;11.5062;11.048;11.6001;12.9435;13.7089;13.0814
15.05.14;11.5062;12.0238;12.0439;13.1438;13.8647;13.129
16.05.14;11.5062;11.5515;11.7944;12.9462;13.6634;13.0523
19.05.14;11.5475;11.789;11.7944;12.9746;13.6613;13.012
20.05.14;11.4621;11.8212;12.0006;13.2;13.6872;13.0145
21.05.14;11.0561;11.5712;11.898;12.8499;13.5972;12.9707
22.05.14;10.5652;11.2748;11.58;12.5948;13.3685;12.8107
23.05.14;10.5439;11.1942;11.5459;12.5228;13.2989;12.7743
26.05.14;10.3;11.0844;11.4504;12.4063;13.2388;12.7433
27.05.14;10.0445;10.9348;11.3511;12.3051;13.078;12.6736
28.05.14;10.103;10.9069;11.3662;12.3397;13.1346;12.6735
29.05.14;10.103;10.9069;11.3662;12.3397;13.1346;12.6735
30.05.14;10.3035;11.1268;11.5274;12.5237;13.3064;13.2056
02.06.14;10.4319;11.2077;11.5503;12.5501;13.3196;13.2931
03.06.14;10.7164;11.36;11.6424;12.4616;13.3666;13.2781
04.06.14;11.3351;11.5317;11.7661;12.6721;13.4233;13.3348
05.06.14;9.7142;10.8187;11.2224;12.274;13.1418;13.3992
06.06.14;8.7562;10.2851;10.8751;11.8155;12.9092;13.2377
09.06.14;8.7562;10.2851;10.8751;11.8155;12.9092;13.2377
10.06.14;9.1256;10.1889;10.8303;11.7501;12.7163;13.1708
11.06.14;9.8322;10.4227;11.0001;11.9167;12.9496;13.17
12.06.14;9.7934;10.366;10.9595;11.897;12.9807;13.2241
13.06.14;10.7153;10.8482;11.3219;12.1825;13.1349;13.3146
16.06.14;13.2821;11.3308;11.6477;12.5072;13.3679;13.4698
17.06.14;12.0807;10.9824;11.4656;12.3778;13.3205;13.4736
18.06.14;13.7298;11.1325;11.6036;12.4316;13.3902;13.5075
19.06.14;13.7298;10.3267;11.0528;11.9543;13.1082;13.3641
20.06.14;13.7298;9.88;10.6508;11.666;12.9415;13.2702
23.06.14;10.5211;10.9967;11.8906;13.1386;13.272;13.9875
24.06.14;10.2545;10.8756;11.8172;13.0724;13.2853;14.543
25.06.14;11.1606;11.3926;12.1652;13.3191;13.4225;14.9601
26.06.14;11.6156;11.5528;12.3499;13.5212;13.5239;15.1445
27.06.14;11.5478;11.5893;12.4281;13.4999;13.6561;15.1675
30.06.14;11.9826;11.717;12.4469;13.5031;13.6758;15.0355
01.07.14;10.8005;11.0007;11.7773;13.0028;13.3366;14.6382
02.07.14;10.7772;10.9185;11.7392;12.9519;13.2164;14.4647
03.07.14;10.1507;10.2807;11.2295;12.6081;13.0691;14.4128
04.07.14;10.2469;10.2635;11.216;12.6581;12.9433;14.4463
07.07.14;11.7662;10.7031;11.4955;12.8566;12.9601;14.6271
08.07.14;13.5045;11.4568;12.0687;13.2897;13.304;14.7711
09.07.14;12.7814;11.3959;11.9912;13.2514;13.38;14.8136
10.07.14;13.9083;12.2493;12.5684;13.6372;13.6035;14.1506
11.07.14;12.7074;11.8865;12.4656;13.5636;13.6102;14.1941
14.07.14;11.7601;11.2697;11.8911;13.1245;13.2881;14.6173
15.07.14;13.6416;11.7271;12.378;13.4932;13.3923;14.0463
16.07.14;11.9639;11.3148;12.0301;13.2703;13.3924;14.015
17.07.14;11.9639;11.7441;12.32;13.4087;13.3973;14.0008
18.07.14;11.9639;12.2374;12.7793;13.6922;13.5822;14.1495
21.07.14;12.7559;13.1828;12.7793;13.8396;13.6575;14.2211
22.07.14;11.175;12.1775;12.1247;13.3114;13.3868;14.0938
23.07.14;11.286;12.0661;11.9553;13.236;13.2348;13.8461
24.07.14;10.7522;11.8402;11.7854;13.0371;13.1795;13.8159
25.07.14;11.3046;12.2881;12.1317;13.3613;13.2705;13.7951
28.07.14;12.5509;13.4975;12.6489;13.7629;13.7045;14.2507
29.07.14;11.8801;12.4416;12.385;13.5832;13.5887;14.1116
30.07.14;12.3869;12.777;12.6486;13.8742;13.8297;14.3488
31.07.14;14.2016;13.9945;13.5671;14.5964;14.3411;14.8158
01.08.14;14.2016;13.9945;13.5671;14.5964;14.3411;14.8158
04.08.14;15.7095;14.7505;13.9742;15.0383;14.6593;15.063
05.08.14;14.1441;14.3623;13.7798;14.6166;14.3698;14.8319
06.08.14;15.1146;14.4373;14.1047;14.8041;14.5284;15.0239
07.08.14;15.2639;14.8187;14.3385;15.1182;14.7198;15.1763
08.08.14;15.8352;15.1473;14.6509;15.3797;14.8649;15.352
11.08.14;15.2934;14.4507;14.1759;14.9682;14.5368;14.9507
12.08.14;16.5026;14.243;13.9847;14.7475;14.4095;14.8644
13.08.14;13.1376;13.3304;13.3655;14.2854;14.1161;14.6247
14.08.14;13.1376;12.8155;13.1333;14.1373;14.0183;14.5442
15.08.14;13.1376;12.8589;13.071;13.9899;13.9461;14.3954
18.08.14;12.3072;12.631;13.071;13.7852;13.8154;14.3292
19.08.14;11.4657;11.8841;12.3112;13.2251;13.3549;13.8876
20.08.14;11.4945;11.978;12.36;13.2983;13.3375;13.7726
21.08.14;10.948;11.3237;12.0616;12.852;13.1262;13.6365
22.08.14;11.4391;11.7289;12.1911;13.127;13.3439;13.8573
25.08.14;11.119;11.4179;11.9515;12.7295;13.1165;13.6515
26.08.14;10.7534;11.1321;11.8017;12.6882;13.0881;13.5974
27.08.14;11.0843;11.1618;11.8112;12.7386;13.1927;13.6345
28.08.14;12.1487;11.9362;12.343;13.2395;13.537;13.9266
29.08.14;12.9796;12.1468;12.5141;13.3751;13.5907;14.0126
01.09.14;12.833;11.9351;12.3271;13.1663;13.567;13.8475
02.09.14;12.2649;11.8934;12.2505;13.0144;13.3871;13.8322
03.09.14;12.3507;11.6072;11.9665;12.6692;13.1667;13.6243
04.09.14;12.0134;11.3982;11.7932;12.4213;13.0233;13.5116
05.09.14;12.0648;11.7611;12.1422;12.7516;13.1775;13.7814
08.09.14;12.4103;11.7709;12.2027;12.8194;13.2787;13.7494
09.09.14;12.0262;11.5795;12.1006;12.7438;13.1821;13.6784
10.09.14;12.6427;11.8685;12.2899;12.8973;13.3005;13.8555
11.09.14;12.2944;12.0441;12.3832;12.9857;13.377;13.877
12.09.14;11.7346;11.839;12.2534;12.9003;13.3143;13.948
15.09.14;13.5333;12.0114;12.3418;12.9332;13.3912;13.9327
16.09.14;15.8212;12.4514;12.4388;13.0846;13.4005;13.9647
17.09.14;16.256;11.908;12.0636;12.7412;13.2294;13.8363
18.09.14;16.256;11.6581;11.8402;12.5463;13.0514;13.7156
19.09.14;16.256;11.0232;11.3165;12.057;12.7543;13.4912
22.09.14;11.2839;11.3763;12.1217;12.6981;13.4608;13.4912
23.09.14;12.0675;11.9633;12.5459;12.9512;13.7075;8.7323
24.09.14;11.5626;11.6341;12.3357;12.9774;13.6255;9.1017
25.09.14;12.5288;12.17;12.7769;13.1928;13.8385;9.0447
26.09.14;12.4235;12.1606;12.7498;13.2777;13.8251;9.1149
29.09.14;13.2196;12.5449;13.0502;13.4169;13.9664;9.1804
30.09.14;12.4019;12.0511;12.5741;13.2578;13.6864;9.2726
01.10.14;12.9422;12.7424;13.2377;13.4752;14.0186;9.2364
02.10.14;15.4929;14.1917;14.6098;14.1763;14.7914;8.9742
03.10.14;15.4929;14.1917;14.6098;14.1763;14.7914;8.9742
06.10.14;14.2813;13.2582;13.9751;14.0878;14.4905;9.7139
07.10.14;16.9504;14.9347;15.2872;14.58;15.1388;9.3096
08.10.14;17.7092;15.4429;15.7672;15.0498;15.3893;9.696
09.10.14;17.9514;15.1537;15.6147;14.9574;15.3171;11.6536
10.10.14;21.5707;16.8897;17.0342;15.5786;15.8677;13.9387
13.10.14;24.4975;17.4481;17.5402;15.8817;16.0025;13.911
14.10.14;24.037;17.4099;18.3017;16.0085;16.0324;13.953
15.10.14;33.2025;20.3661;20.543;17.5632;17.4109;14.4282
16.10.14;33.2025;21.907;22.4945;18.1754;17.8205;14.3527
17.10.14;33.2025;18.3791;19.3215;16.8296;17.7104;13.9163
20.10.14;18.3423;18.9527;19.3215;16.2483;17.1805;14.0065
21.10.14;15.9536;17.1322;15.0711;15.561;16.4453;13.7991
22.10.14;14.9529;16.1898;14.4413;15.0927;15.549;13.7016
23.10.14;14.7825;15.9067;14.3668;15.1304;15.6586;13.8421
24.10.14;15.4078;16.3966;14.6435;15.2928;15.8382;13.9488
27.10.14;16.5967;17.2454;15.2611;15.6637;16.0361;14.142
28.10.14;14.6321;15.8273;14.4143;14.9232;15.4909;13.8921
29.10.14;14.4707;15.6151;14.2365;14.8122;15.357;13.8759
30.10.14;14.8029;15.7326;14.3536;15.0407;15.555;14.0733
31.10.14;14.9541;15.5446;14.1027;14.7845;15.3603;14.1307
03.11.14;16.0105;16.467;14.6615;15.243;15.7254;14.257
04.11.14;16.9178;17.1939;15.2225;15.6914;16.0055;14.4415
05.11.14;16.0751;16.2252;14.6618;15.1438;15.587;14.2609
06.11.14;15.2761;15.6019;14.1358;14.8638;15.3303;14.0981
07.11.14;15.3078;15.8532;14.4316;15.1265;15.461;14.1465
10.11.14;14.5595;14.898;13.8835;14.7032;15.1249;13.9409
11.11.14;13.3328;14.1398;13.3006;14.4081;14.9371;13.8921
12.11.14;15.0219;14.6809;13.7378;14.8148;15.0846;14.0397
13.11.14;14.9128;14.2768;13.5107;14.6519;15.1403;14.0351
14.11.14;13.7942;14.2127;13.306;14.6687;15.086;14.0551
17.11.14;15.574;14.1862;13.3219;14.6592;15.0938;14.0181
18.11.14;14.8494;14.2059;13.3369;14.6871;15.1866;14.1241
19.11.14;15.4219;14.7927;13.7231;14.8387;15.3322;14.2399
20.11.14;15.4219;14.841;13.4638;14.8381;15.3128;14.2829
21.11.14;15.4219;13.6862;12.7868;14.4792;15.1852;14.2133
24.11.14;14.3538;13.0649;12.7868;14.6163;15.2488;14.3803
25.11.14;13.9083;12.8452;13.3456;14.6722;15.3489;14.4908
26.11.14;13.9894;12.9624;13.4975;14.6883;15.3972;14.5052
27.11.14;13.1332;12.3994;13.1662;14.4069;15.3152;14.3839
28.11.14;12.7666;12.3194;13.1363;14.3808;15.2341;14.4297
01.12.14;14.1698;13.2056;13.8149;14.943;15.6358;14.7449
02.12.14;13.8788;13.0565;13.7811;14.8885;15.6688;14.7461
03.12.14;13.7409;12.9209;13.6378;14.8288;15.5913;14.7019
04.12.14;13.407;12.6905;13.6163;14.864;15.6605;14.8451
05.12.14;11.2514;11.6691;12.9199;14.1357;15.2579;14.5211
08.12.14;12.0555;11.8654;13.0698;14.2974;15.1736;14.6323
09.12.14;19.0302;14.7783;14.8684;15.9227;16.0737;15.3499
10.12.14;19.0676;15.0465;15.0553;16.1835;16.5536;15.4567
11.12.14;16.8567;14.5606;14.9643;16.4975;16.7619;15.6684
12.12.14;21.6522;17.5937;17.0012;18.0209;17.7317;16.4835
15.12.14;30.1202;20.2052;18.5747;19.5677;19.1394;17.066
16.12.14;25.8754;18.5944;17.8637;19.1441;19.1409;16.7549
17.12.14;27.8054;18.8163;18.2952;19.2059;19.113;16.9558
18.12.14;27.8054;15.7463;16.9543;18.0427;18.3297;16.291
19.12.14;27.8054;16.0405;16.4585;17.5146;17.8821;16.4371
22.12.14;15.5429;15.9967;17.2387;17.605;16.2141;18.209
23.12.14;15.7218;15.9253;16.86;17.4325;16.1804;18.1033
24.12.14;15.7218;15.9253;16.86;17.4325;16.1804;18.1033
25.12.14;15.7218;15.9253;16.86;17.4325;16.1804;18.1033
26.12.14;15.7218;15.9253;16.86;17.4325;16.1804;18.1033
29.12.14;17.2726;16.9616;17.5288;17.7735;16.4577;18.3723
30.12.14;17.1789;17.313;17.9614;18.0556;16.7717;18.605
31.12.14;17.1789;17.313;17.9614;18.0556;16.7717;18.605
01.01.15;17.1789;17.313;17.9614;18.0556;16.7717;18.605
02.01.15;17.1789;17.313;17.9614;18.0556;16.7717;18.605
05.01.15;19.2721;18.6671;19.2323;18.8104;17.2108;19.0925
06.01.15;19.405;18.7456;19.4809;18.9658;17.1427;19.225
07.01.15;18.3318;18.1607;19.2568;19.0618;17.0326;19.0535
08.01.15;16.8538;17.0852;18.1697;18.2756;16.5059;18.353
09.01.15;18.2581;17.9493;18.0973;18.1359;16.7425;18.3175
12.01.15;21.7646;18.4412;18.4791;18.3117;16.8129;18.3632
13.01.15;18.3386;17.3938;18.0043;17.8601;16.5006;17.981
14.01.15;22.245;18.674;18.7999;18.1947;16.9283;18.2557
15.01.15;22.245;25.5344;24.6077;21.2456;17.8075;20.2298
16.01.15;22.245;30.3453;28.4409;25.8809;17.9632;21.636
19.01.15;27.9426;25.8968;28.4409;23.3714;17.6969;21.8991
20.01.15;25.3864;23.7684;21.072;21.0357;17.1787;20.4814
21.01.15;26.2714;24.3421;21.9288;21.4938;16.9311;20.2352
22.01.15;23.5088;21.8857;20.1908;20.4592;16.2508;19.817
23.01.15;22.5977;21.7164;19.674;21.2306;16.3516;19.3084
26.01.15;21.9991;21.0143;19.5107;20.5297;19.3973;19.486
27.01.15;22.7102;21.0328;19.5073;20.2674;19.1033;19.1833
28.01.15;22.4918;21.2155;19.5779;20.1483;19.105;18.945
29.01.15;22.5587;21.7356;20.0351;19.8347;19.4163;19.2433
30.01.15;22.2051;21.5221;20.0238;19.777;19.3391;19.3926
02.02.15;22.9356;21.8237;20.1959;19.9426;19.4494;19.4883
03.02.15;21.5402;21.1743;19.7643;19.7143;19.1857;19.1703
04.02.15;19.5882;19.6592;18.6201;18.9182;18.5778;18.4378
05.02.15;19.4997;19.4197;18.2708;18.376;18.1618;18.37
06.02.15;18.8191;18.7601;17.8717;18.2034;17.9667;18.3902
09.02.15;20.269;19.2107;18.2077;18.303;18.0852;18.3767
10.02.15;19.521;19.1547;18.1229;18.3141;18.091;18.4229
11.02.15;20.158;19.9382;18.6276;18.6136;18.2185;18.4304
12.02.15;18.2093;18.8246;17.7701;18.1171;18.0734;18.1343
13.02.15;17.2529;18.0068;17.2594;17.6706;17.7287;17.8262
16.02.15;20.0354;18.4275;17.5238;17.8227;17.6519;17.8174
17.02.15;18.893;18.2297;17.2672;17.7444;17.5101;17.7507
18.02.15;19.897;17.3078;16.5281;17.2111;17.2337;17.4235
19.02.15;19.897;16.4918;15.9581;16.8296;16.8847;17.065
20.02.15;19.897;16.9988;16.3603;16.9112;16.9079;17.0932
23.02.15;15.7094;15.3967;16.3603;16.5566;16.5478;16.9928
24.02.15;14.839;14.9687;14.7225;15.9211;16.3189;16.8252
25.02.15;14.5708;14.7729;14.5752;15.7734;16.1903;16.5481
26.02.15;13.4831;14.0495;14.29;15.3351;15.9418;16.257
27.02.15;13.8547;14.3921;14.6311;15.3579;15.8839;16.3929
02.03.15;14.2398;14.5292;14.9561;15.5329;15.9845;16.2775
03.03.15;15.675;15.2109;15.337;15.8096;16.106;16.6676
04.03.15;15.058;14.9447;15.3099;15.5703;16.0418;16.2049
05.03.15;14.0671;14.2974;14.7587;15.3084;15.7736;16.0069
06.03.15;14.131;14.6788;15.0418;15.4328;15.8366;16.0373
09.03.15;15.0169;15.0976;15.4177;15.906;16.0453;16.625
10.03.15;16.0663;15.7975;16.0212;16.2317;16.3425;16.6639
11.03.15;15.2372;15.4712;15.7715;16.1413;16.2061;16.4799
12.03.15;14.7555;15.5718;15.9296;16.2013;16.455;16.539
13.03.15;14.2874;15.6216;16.1735;16.4581;16.5713;16.7044
16.03.15;19.6134;16.6923;16.5513;16.9111;16.8162;17.009
17.03.15;19.4193;16.6791;16.7285;16.7405;16.6924;16.9128
18.03.15;22.5862;16.5862;16.7323;16.7701;16.635;16.8453
19.03.15;22.5862;14.908;15.5312;16.2609;16.3353;16.6123
20.03.15;22.5862;13.7437;14.8364;15.5242;15.8781;16.2333
23.03.15;13.9875;14.8912;15.3818;15.9074;16.187;16.2333
24.03.15;13.759;14.7269;15.424;16.0168;16.2759;9.1984
25.03.15;14.4124;15.1928;15.9142;16.3559;16.6131;9.1217
26.03.15;16.1459;16.3606;16.6427;16.893;17.0781;9.4083
27.03.15;16.2515;16.3642;16.9385;17.004;17.1657;10.088
30.03.15;15.46;15.8659;16.625;16.7441;16.8792;10.532
31.03.15;16.349;16.5806;17.0478;16.9923;17.0964;10.3846
01.04.15;16.575;16.8973;17.4458;17.1607;17.2426;10.4516
02.04.15;15.9634;17.0727;17.9571;17.4627;17.4698;10.4336
03.04.15;15.9634;17.0727;17.9571;17.4627;17.4698;10.4336
06.04.15;15.9634;17.0727;17.9571;17.4627;17.4698;10.4336
07.04.15;16.1001;16.2325;17.2043;17.1411;17.1876;10.9012
08.04.15;15.3321;16.0198;16.9078;16.9051;17.0055;10.8385
09.04.15;13.5671;14.8566;15.9194;16.2178;16.4236;10.9958
10.04.15;13.6953;14.3127;15.4462;15.8549;16.1819;11.0851
13.04.15;15.6094;14.6346;15.658;16.0398;16.3062;11.1936
14.04.15;15.6594;15.1829;15.9107;16.235;16.498;11.2572
15.04.15;15.5355;14.9012;15.7914;16.1603;16.4422;11.2583
16.04.15;15.5355;15.0174;15.9066;16.2698;16.5473;11.2582
17.04.15;15.5355;16.6959;16.8858;16.8963;17.0845;11.0541
20.04.15;16.5205;16.6361;16.8858;16.736;16.9544;11.1295
21.04.15;15.8515;16.0192;15.265;16.3987;16.6878;11.232
22.04.15;15.7606;15.9169;15.0999;16.2468;16.5655;11.2757
23.04.15;15.8274;16.2211;15.3697;16.4116;16.6781;11.2916
24.04.15;15.706;16.2256;15.3996;16.4309;16.7327;11.2783
27.04.15;15.66;16.129;15.3851;16.4553;16.7432;11.3453
28.04.15;16.5616;16.7755;15.8531;16.8531;17.0088;11.2233
29.04.15;17.897;17.7978;16.4064;17.4845;17.5197;11.043
30.04.15;17.79;17.6823;16.346;17.2806;17.2829;10.6685
01.05.15;17.79;17.6823;16.346;17.2806;17.2829;10.6685
04.05.15;18.0616;17.228;16.4111;16.9006;16.9195;10.7499
05.05.15;18.7152;17.5151;16.5865;16.9398;16.932;10.6687
06.05.15;20.3589;18.7981;17.4414;17.8466;17.6459;10.7365
07.05.15;19.6821;18.1524;17.0196;17.5886;17.491;14.6989
08.05.15;16.0969;16.3394;16.3536;16.6898;16.7307;15.6266
11.05.15;19.6057;16.4384;16.056;16.5482;16.6007;15.5024
12.05.15;21.3593;17.1253;16.6205;16.8327;16.8583;15.6201
13.05.15;21.3593;17.2135;16.6754;16.9804;16.9529;15.7034
14.05.15;21.3593;17.2135;16.6754;16.9804;16.9529;15.7034
15.05.15;21.3593;15.8856;15.5422;16.2966;16.46;15.5093
18.05.15;15.5441;15.3134;15.5422;15.9791;16.2108;15.3228
19.05.15;14.3823;14.2967;14.584;15.1662;15.5275;14.9805
20.05.15;13.9307;14.026;14.1441;14.8792;15.3039;14.822
21.05.15;13.6174;13.7864;13.8998;14.6452;15.1447;14.7336
22.05.15;13.4269;13.5049;13.6323;14.4058;14.9809;14.6926
25.05.15;13.4269;13.5049;13.6323;14.4058;14.9809;14.6926
26.05.15;15.3506;14.5923;14.3135;15.123;15.5408;14.9331
27.05.15;14.08;13.7532;13.8017;14.5843;15.2197;14.7517
28.05.15;14.4314;14.2165;14.0699;15.0059;15.4989;14.8434
29.05.15;16.0629;15.3063;14.7678;15.814;16.0623;15.1524
01.06.15;16.8406;15.6167;15.2029;16.0499;16.2131;15.3346
02.06.15;17.5994;16.1889;15.6054;16.4638;16.5896;15.5722
03.06.15;16.8276;15.823;15.412;16.1751;16.3662;15.463
04.06.15;17.2425;16.1268;15.574;16.366;16.5011;15.5632
05.06.15;19.5339;17.6928;16.6554;17.333;17.1331;16.0113
08.06.15;20.2669;18.1453;17.0091;17.7485;17.4685;16.1812
09.06.15;20.1869;18.5229;17.2888;17.9371;17.6591;16.3189
10.06.15;18.2349;17.2118;16.5201;17.2627;17.1032;15.9792
11.06.15;18.3776;16.8461;16.2906;16.9553;16.9374;15.905
12.06.15;20.4238;18.1215;17.1062;17.6684;17.4815;16.1293
15.06.15;26.0399;19.5989;17.951;18.3139;17.9333;16.4613
16.06.15;25.6464;19.7545;18.0602;18.4258;17.8796;16.3767
17.06.15;25.986;19.6968;18.1114;18.4412;17.9613;16.393
18.06.15;25.986;20.1665;18.4624;18.8636;18.0364;16.4406
19.06.15;25.986;20.1975;18.4989;18.9665;18.2617;16.4963
22.06.15;17.6843;16.9611;17.4842;17.3916;16.0512;17.6966
23.06.15;16.2535;15.7867;16.5925;16.7149;15.6887;16.9813
24.06.15;17.676;16.5057;17.1971;17.1381;15.8154;16.9896
25.06.15;18.1006;16.851;17.7159;17.3314;15.9003;16.9958
26.06.15;19.6817;17.6088;17.8258;17.4383;16.0455;17.0747
29.06.15;23.9488;19.7456;19.8433;18.4476;16.5142;17.5133
30.06.15;26.1549;21.0532;20.5425;19.168;16.8092;18.1826
01.07.15;23.737;19.9982;19.7779;18.2409;16.4503;17.677
02.07.15;24.3722;20.0329;19.3322;17.8918;16.3551;17.455
03.07.15;27.0788;21.3907;20.2206;18.3889;16.6582;17.7877
06.07.15;23.2629;20.3322;19.977;18.7113;16.7485;17.9944
07.07.15;23.6568;20.4068;19.9667;18.7196;16.7;18.0245
08.07.15;24.5918;20.547;20.2475;18.7208;16.5631;17.7162
09.07.15;24.2643;20.0218;19.7361;18.7135;16.4522;17.5844
10.07.15;21.3286;18.5669;18.4616;17.9095;16.0371;17.1769
13.07.15;19.1121;17.3889;17.2888;17.2113;15.6703;16.5678
14.07.15;17.1715;15.9385;16.538;16.8755;15.3984;16.3897
15.07.15;18.8546;15.4411;16.0968;16.5945;15.2589;16.2973
16.07.15;18.8546;13.809;14.7709;15.6782;14.7163;15.748
17.07.15;18.8546;13.3641;14.8343;15.5852;14.8745;15.8751
20.07.15;13.3761;14.4682;14.8343;15.2714;14.7287;15.6294
21.07.15;13.2513;14.4872;13.7713;15.4716;14.772;15.7862
22.07.15;13.859;15.0218;14.0203;15.8325;15.0512;15.8886
23.07.15;13.1487;14.404;13.9717;15.2908;14.7757;15.7895
24.07.15;13.9614;14.8976;14.2269;15.6439;15.066;15.9784
27.07.15;16.3096;16.3322;15.1466;16.5293;15.5876;16.4523
28.07.15;15.4771;15.8166;14.9625;16.0208;15.2879;16.2684
29.07.15;14.4804;15.289;14.6591;15.6444;14.9093;15.8273
30.07.15;14.5777;15.2694;14.6515;15.6;14.9965;15.9116
31.07.15;13.8814;15.013;14.5186;15.4605;14.8449;15.7644
03.08.15;14.0861;14.8626;14.4768;15.3711;14.7517;15.6778
04.08.15;13.5025;14.7176;14.3515;15.3246;14.7666;15.6491
05.08.15;12.1918;14.1678;13.8961;14.9837;14.4877;15.4073
06.08.15;12.95;14.6358;14.2736;15.338;14.7782;15.6169
07.08.15;13.177;14.867;14.4275;15.5147;14.8774;15.7289
10.08.15;13.1452;14.5574;14.1824;15.1304;14.6578;15.5057
11.08.15;15.0941;15.5644;14.7782;15.7223;15.072;15.8205
12.08.15;21.546;19.1861;16.618;17.7513;16.3467;16.9927
13.08.15;18.9764;17.5058;16.0456;16.7208;15.6016;16.578
14.08.15;17.3321;16.9034;15.7744;16.5207;15.536;16.3992
17.08.15;18.8369;16.5708;15.5603;16.2553;15.3583;16.1163
18.08.15;17.4249;16.2061;15.5276;16.2775;15.3771;16.1082
19.08.15;22.4294;18.1208;16.6968;17.2901;16.1049;16.7106
20.08.15;22.4294;19.9069;17.5825;18.5579;16.7518;17.3836
21.08.15;22.4294;23.5269;19.8715;20.7352;17.758;18.5102
24.08.15;35.7797;26.7689;19.8715;24.7118;19.341;19.8468
25.08.15;29.716;24.5999;21.8589;22.5886;18.4435;20.2216
26.08.15;32.6168;25.9985;23.162;23.6237;19.1427;19.8017
27.08.15;28.0123;23.9017;21.848;22.3666;18.2822;20.4204
28.08.15;28.0671;24.1614;21.838;22.229;18.5281;19.6732
31.08.15;28.6794;24.9232;22.4869;22.7902;18.8477;19.8407
01.09.15;32.1473;27.0324;23.9682;24.5952;19.609;20.4486
02.09.15;30.8487;26.9855;24.1015;25.1313;19.8381;21.1868
03.09.15;26.6568;24.7215;22.7119;23.6333;19.2617;21.069
04.09.15;31.6607;27.6008;24.9175;25.5207;20.5496;21.6322
07.09.15;31.9709;27.2177;24.7095;25.4346;20.4447;22.0325
08.09.15;28.4863;25.886;23.8602;24.8339;20.1593;22.0047
09.09.15;26.2673;23.8235;22.5538;23.7282;19.5717;21.5333
10.09.15;29.8967;25.1195;23.1897;23.4773;19.7333;21.1316
11.09.15;28.631;24.8193;22.8167;23.5809;19.5832;21.0688
14.09.15;32.3352;25.0687;22.8376;23.641;19.4613;21.0021
15.09.15;30.083;23.4259;21.6676;23.0384;18.9871;20.689
16.09.15;33.906;21.8514;20.691;22.1077;18.7006;20.1717
17.09.15;33.906;21.9715;20.4318;21.4349;18.5577;20.4707
18.09.15;33.906;21.5585;20.5245;21.1097;18.406;20.3563
21.09.15;21.0506;19.932;21.1249;18.1702;20.6565;20.3563
22.09.15;25.3374;22.3885;22.9228;19.2642;21.1853;9.3636
23.09.15;25.0955;22.099;23.0588;18.9657;21.4857;11.5056
24.09.15;27.8265;23.5618;24.5496;19.5213;22.2816;11.1471
25.09.15;25.2076;22.1596;24.0193;19.2712;22.1646;12.944
28.09.15;28.4759;24.3012;25.0804;20.2081;22.4621;12.772
29.09.15;28.6659;24.6168;25.6255;20.1611;23.0326;12.6241
30.09.15;25.9988;23.167;24.4981;19.7104;22.386;13.1629
01.10.15;26.4708;23.7621;24.4303;20.1852;22.2243;13.3153
02.10.15;25.5413;23.4314;24.2862;20.2003;22.3544;13.2213
05.10.15;23.0531;21.8801;22.8583;19.4643;21.6466;13.6252
06.10.15;21.0001;20.7632;21.5252;19.1917;21.3824;13.594
07.10.15;20.7137;20.1369;21.428;19.1308;21.3815;13.3132
08.10.15;18.9111;19.7676;20.6995;18.695;20.9312;13.3669
09.10.15;17.1147;19.1668;20.3094;18.5152;20.7183;13.3639
12.10.15;18.8398;18.576;20.1896;18.1626;20.4612;13.2454
13.10.15;18.8227;18.6133;19.8244;18.1972;20.2045;13.1238
14.10.15;24.3409;19.8375;20.4282;18.5833;20.468;15.6524
15.10.15;23.29;18.5682;19.686;17.9555;20.0675;17.8299
16.10.15;22.76;17.3182;18.5251;17.514;19.6088;17.4895
19.10.15;17.1593;18.1722;18.5251;17.4182;19.3407;17.3796
20.10.15;17.041;17.82;16.3631;17.2967;19.3211;17.3165
21.10.15;17.5112;18.0691;16.4791;17.2865;19.2159;17.3741
22.10.15;15.2701;16.9308;15.8089;16.1912;18.138;16.7094
23.10.15;15.2494;16.1998;15.355;16.0857;17.793;16.3283
26.10.15;15.6416;18.1943;15.4649;16.4655;17.955;16.5675
27.10.15;15.8129;17.3938;15.7009;16.7588;18.2442;16.7955
28.10.15;15.5363;16.7847;15.7901;16.6199;18.1515;16.7485
29.10.15;15.865;17.0054;15.9494;16.8454;18.3916;16.9515
30.10.15;15.3361;17.1431;16.1395;16.9973;18.5294;17.0777
02.11.15;15.8026;17.5097;16.4592;17.2277;18.643;17.1423
03.11.15;14.6911;17.2621;16.3332;16.941;18.4819;17.0376
04.11.15;15.1334;17.2437;16.3031;16.9436;18.377;16.9884
05.11.15;15.043;16.7587;16.0234;16.7763;18.2645;16.8466
06.11.15;14.4942;16.6435;16.0307;16.8324;18.2827;16.968
09.11.15;15.7951;17.3049;16.472;17.2714;19.1241;17.2603
10.11.15;16.4092;17.8545;17.0305;17.3975;19.0238;17.4308
11.11.15;15.814;17.6206;16.9235;17.2662;18.8853;17.379
12.11.15;17.0735;18.3013;17.1547;17.574;19.0916;17.5519
13.11.15;18.8911;19.7612;18.2974;18.4765;19.9404;18.1372
16.11.15;22.1939;20.4041;18.7955;18.6668;20.263;18.3134
17.11.15;18.5973;18.473;17.7419;17.809;19.3442;17.7765
18.11.15;18.8081;18.6238;17.7879;17.9815;19.1848;17.6147
19.11.15;18.8081;18.4899;17.7189;17.9942;19.3056;17.6322
20.11.15;18.8081;17.8178;17.3131;17.6629;19.0391;17.4473
23.11.15;18.7414;17.6246;17.3131;18.0053;19.3369;17.6654
24.11.15;20.4934;18.5475;17.7957;18.5193;19.8333;18.0878
25.11.15;18.9691;17.584;17.4329;17.9815;19.1788;17.5359
26.11.15;18.7043;17.585;17.3454;17.9238;18.9297;17.5017
27.11.15;19.2087;18.0072;17.6181;18.0489;19.1127;17.5774
30.11.15;21.0816;18.6209;17.9734;18.4736;19.5157;17.7495
01.12.15;21.3824;18.9298;18.1499;18.6268;19.7323;17.9102
02.12.15;20.5738;18.2009;17.7314;18.2033;19.3682;17.6144
03.12.15;20.5621;18.0046;17.8134;18.2858;19.2161;17.6113
04.12.15;19.5652;18.0129;17.7258;18.3183;19.3008;17.7742
07.12.15;20.0661;17.6144;17.4429;18.06;19.0033;17.5779
08.12.15;21.6787;18.6402;18.075;18.6828;19.5115;18.035
09.12.15;23.379;19.5373;19.3305;19.2899;20.0714;18.3905
10.12.15;22.6471;19.1959;19.3278;19.068;19.9841;18.3449
11.12.15;24.8634;20.4385;20.0414;19.8991;20.695;18.8416
14.12.15;34.9238;22.9356;21.5773;21.152;21.9653;19.6488
15.12.15;30.7556;20.8006;20.6619;19.9973;20.9611;18.8812
16.12.15;36.5648;19.8906;19.8703;19.5539;20.483;18.6909
17.12.15;36.5648;18.3902;19.0315;19.122;20.3825;18.7154
18.12.15;36.5648;18.4511;19.0488;19.2261;20.4397;18.8325
21.12.15;18.8398;19.1993;19.3192;20.5518;18.963;20.5313
22.12.15;18.1738;18.9757;19.067;20.3645;18.9063;20.4493
23.12.15;15.6527;17.4863;17.9065;19.2589;18.2268;19.9334
24.12.15;15.6527;17.4863;17.9065;19.2589;18.2268;19.9334
25.12.15;15.6527;17.4863;17.9065;19.2589;18.2268;19.9334
28.12.15;16.9588;18.1309;18.4486;19.6741;18.4334;19.9714
29.12.15;15.673;17.247;17.7689;19.0949;17.9643;19.5602
30.12.15;17.0337;17.9611;18.4321;19.489;18.1443;19.7717
31.12.15;17.0337;17.9611;18.4321;19.489;18.1443;19.7717
01.01.16;17.0337;17.9611;18.4321;19.489;18.1443;19.7717
04.01.16;23.3633;20.9673;20.6029;21.2597;19.4839;20.8413
05.01.16;21.4103;19.8518;19.722;20.6162;18.9907;20.4913
06.01.16;22.0518;20.3907;20.166;20.8944;19.2176;20.5133
07.01.16;26.5369;22.6275;21.588;22.5118;19.9596;21.3471
08.01.16;26.9171;23.0464;21.9234;22.5493;20.1722;21.6318
11.01.16;30.4222;23.778;22.4818;23.0412;20.4556;22.0368
12.01.16;27.4842;22.6536;21.7806;22.627;20.0573;21.7354
13.01.16;27.5879;21.9371;21.4449;21.9789;19.7892;21.3359
14.01.16;27.5879;23.3707;22.6829;22.9669;20.4102;21.7707
15.01.16;27.5879;25.9983;24.0227;24.3586;21.1811;22.6046
18.01.16;25.8672;24.8465;24.0227;24.292;20.9979;22.7167
19.01.16;24.0924;26.1025;21.9721;23.3697;20.6161;22.2563
20.01.16;27.4153;26.1353;23.4928;25.7081;21.6416;23.2627
21.01.16;25.6713;24.9855;23.2312;24.9734;21.1877;23.3196
22.01.16;23.1998;23.1556;22.1235;23.5727;20.7289;22.6169
25.01.16;23.4103;23.3678;22.248;23.6619;20.8763;22.6424
26.01.16;22.6544;22.9;21.9822;23.3755;20.78;22.5642
27.01.16;22.6402;22.801;21.8986;23.4918;20.7178;22.3621
28.01.16;24.6392;24.2809;22.7794;24.4163;21.2854;22.9524
29.01.16;22.0597;22.9253;21.8554;23.3563;20.7656;22.5528
01.02.16;22.2174;23.0356;21.9825;23.1672;20.7902;22.5291
02.02.16;23.7415;24.2678;22.7083;23.9079;21.0112;22.8543
03.02.16;25.0782;25.0507;23.2648;24.4921;21.1988;23.1087
04.02.16;24.7716;24.6809;22.8904;24.3797;20.9339;23.0645
05.02.16;25.1918;25.4432;23.4443;25.0892;21.1771;23.4344
08.02.16;30.337;28.2752;25.1196;27.2029;21.8897;24.4986
09.02.16;32.4522;29.5771;26.6789;28.6339;21.9358;25.7528
10.02.16;30.2096;28.8924;26.7044;27.9194;22.2843;25.4348
11.02.16;35.0061;32.1469;28.7784;30.1901;22.8663;26.9886
12.02.16;31.851;31.2106;28.4081;29.6349;22.7744;26.556
15.02.16;33.3448;29.4253;27.1873;27.9567;22.6162;25.5263
16.02.16;31.7701;29.3371;27.0031;28.0142;22.5978;25.6933
17.02.16;29.9735;27.2946;25.7734;26.3658;22.3074;24.9572
18.02.16;29.9735;26.597;25.2027;26.0626;22.1331;24.8177
19.02.16;29.9735;26.8971;25.5277;26.1718;22.2292;25.1053
22.02.16;25.9458;24.3954;25.5277;25.2036;21.8665;24.3726
23.02.16;26.6271;24.6549;22.7235;25.429;21.7915;24.6527
24.02.16;28.7408;25.9658;23.3492;26.5975;22.1304;25.4622
25.02.16;27.0413;24.8586;22.8497;25.5778;21.8808;24.8867
26.02.16;24.2893;23.1836;22.2147;24.3305;21.5497;24.1067
29.02.16;25.6708;23.7354;22.4689;24.6708;21.6679;24.3275
01.03.16;24.2161;22.5096;21.6678;23.4848;21.2537;23.6031
02.03.16;22.9269;21.3795;20.9199;22.606;20.8721;23.0602
03.03.16;22.4711;20.8259;20.5177;22.0805;20.4766;22.6808
04.03.16;20.7657;19.4556;19.4451;21.0095;19.9652;22.1078
07.03.16;22.449;19.8199;19.5856;21.2598;19.9497;22.0341
08.03.16;25.7255;21.5799;20.7397;22.2646;20.4791;24.0304
09.03.16;26.475;21.7152;20.8131;22.1975;20.3217;22.4959
10.03.16;24.7898;21.2843;20.5583;21.8345;20.226;22.3926
11.03.16;20.1594;19.3545;19.6723;21.467;19.9197;22.1809
14.03.16;21.2181;18.1768;18.6809;20.445;19.5067;21.4718
15.03.16;22.7754;18.4833;18.9995;20.5003;19.6338;21.6222
16.03.16;25.8313;18.8463;19.1222;20.6694;19.66;21.7713
17.03.16;25.8313;18.0805;18.8007;20.5046;19.4458;21.673
18.03.16;25.8313;16.8868;17.8645;19.6858;18.7954;21.1221
21.03.16;16.6959;17.6055;19.0639;18.4754;20.7388;21.1221
22.03.16;17.0657;17.7533;19.607;18.3638;20.7197;11.1286
23.03.16;16.5489;17.5063;18.9988;18.3581;20.5472;13.7894
24.03.16;19.2275;18.8777;20.2359;18.9213;21.2051;13.8307
25.03.16;19.2275;18.8777;20.2359;18.9213;21.2051;13.8307
28.03.16;19.2275;18.8777;20.2359;18.9213;21.2051;13.8307
29.03.16;19.7358;18.8971;20.5438;18.8751;21.2192;13.8482
30.03.16;16.9179;17.607;18.9337;18.3908;20.609;13.8123
31.03.16;17.3378;17.7379;19.0635;18.3811;20.5985;13.7112
01.04.16;19.2749;19.0269;20.5077;18.9767;21.3121;13.5402
04.04.16;18.985;18.4532;20.1008;18.6642;20.8561;13.5895
05.04.16;21.0939;19.3707;20.7202;19.1762;21.4501;13.5653
06.04.16;18.896;18.4522;19.6677;18.8021;20.9157;18.986
07.04.16;21.1492;19.2075;20.1017;19.2206;21.242;19.2032
08.04.16;18.2467;18.0952;19.6556;18.9329;20.9294;18.9075
11.04.16;21.6318;18.5082;20.0657;19.1955;21.0658;19.0619
12.04.16;19.2713;17.9217;19.029;19.0844;20.9896;18.9244
13.04.16;18.9349;16.6019;18.436;18.6129;20.3275;18.4102
14.04.16;18.9349;15.7848;17.4543;18.264;20.1064;18.0727
15.04.16;18.9349;15.4297;17.442;18.2109;19.9316;18.0725
18.04.16;15.4732;17.8815;17.442;18.1423;19.7687;17.9778
19.04.16;14.9475;17.268;17.3342;17.774;19.1645;17.417
20.04.16;14.7802;17.0652;16.955;17.6708;19.0211;17.2516
21.04.16;14.8645;16.7016;17.007;17.7076;19.0369;17.5597
22.04.16;15.169;17.124;17.3253;17.9588;19.2449;17.7145
25.04.16;15.7721;17.6843;17.5798;18.1356;19.36;17.7997
26.04.16;15.5123;17.1972;17.4494;18.0981;19.4005;17.7458
27.04.16;15.9459;17.5196;17.683;18.2428;19.6078;17.9409
28.04.16;15.2394;17.4052;17.7533;18.4068;19.9555;18.1201
29.04.16;17.9857;19.4196;19.0363;19.3233;20.5958;18.7249
02.05.16;17.7813;19.7684;19.0688;19.2706;20.6989;18.9972
03.05.16;19.5;21.2658;20.451;19.9801;21.073;19.1556
04.05.16;19.8417;21.6482;20.8339;20.325;21.5473;19.1853
05.05.16;19.8417;21.6482;20.8339;20.325;21.5473;19.1853
06.05.16;18.8623;20.3194;20.702;20.164;21.6046;19.1844
09.05.16;18.1088;19.4105;20.1903;19.7992;21.2241;19.1638
10.05.16;16.7158;18.1326;19.2878;19.3027;20.5762;19.0332
11.05.16;16.6105;18.2686;19.302;19.3513;20.512;19.065
12.05.16;17.5629;19.5675;19.7704;19.7279;20.7257;19.2486
13.05.16;16.222;18.3687;19.644;19.6527;20.735;19.2299
16.05.16;16.222;18.3687;19.644;19.6527;20.735;19.2299
17.05.16;18.5424;18.9476;19.9486;19.8182;20.8212;19.3533
18.05.16;17.7139;18.0234;19.6181;19.6981;22.7229;19.3684
19.05.16;17.7139;19.0283;20.2092;20.0356;20.8846;19.4532
20.05.16;17.7139;17.3482;19.167;19.4715;20.6613;19.3706
23.05.16;17.4378;19.1571;19.167;19.4332;20.5247;19.3597
24.05.16;17.2528;17.9352;17.7589;18.745;20.1252;19.1171
25.05.16;15.3332;16.8552;16.9446;17.8435;19.4751;18.8349
26.05.16;14.4608;16.5835;16.6531;17.7215;19.2358;18.7633
27.05.16;13.6552;16.4131;16.5313;17.7011;19.184;18.7545
30.05.16;14.3025;16.8286;16.7585;18.0943;19.4307;19.1184
31.05.16;15.8595;18.0966;17.8568;18.8239;20.1603;19.5237
01.06.16;16.4614;18.8815;18.3418;19.4379;20.6149;19.7039
02.06.16;14.9225;18.1472;17.792;19.0079;20.2978;19.5459
03.06.16;14.7567;18.3957;18.0753;19.0463;20.3817;19.6164
06.06.16;14.3394;18.0631;17.9074;19.1211;20.1223;19.5668
07.06.16;13.6272;17.7831;17.6806;18.7643;19.9019;19.4991
08.06.16;13.7842;18.3581;18.0469;19.1052;20.3117;19.6619
09.06.16;14.7403;19.3739;18.6333;19.6192;22.5697;19.8367
10.06.16;20.1199;22.5616;21.0673;20.9994;21.7721;20.1692
13.06.16;26.501;25.4874;22.7688;22.0861;22.6729;20.3906
14.06.16;30.1779;28.6105;24.6025;23.3869;23.5011;20.5295
15.06.16;28.1926;28.3438;24.542;23.3365;23.4524;20.5738
16.06.16;28.1926;31.6963;26.6169;24.8742;24.264;20.8544
17.06.16;28.1926;30.3064;25.7809;24.9752;23.9064;20.604